"","ACC","BLCA","BRCA","CESC","CHOL","COAD","DLBC","ESCA","GBM","HNSC","KICH","KIRC","KIRP","LGG","LIHC","LUAD","LUSC","MESO","OV","PAAD","PCPG","PRAD","READ","SARC","SKCMmets","SKCMprimary","STAD","TGCT","THCA","THYM","UCEC","UCS","UVM"
"aDC",-0.26792177094279,-0.303806550877584,0.06066584640195,-0.180811814450497,-0.0540540540540541,-0.0878008752392002,0.0362135689750875,-0.0806927240986179,0.11876926297146,0.108928111611294,-0.282307946172547,-0.103234267036339,-0.0532303576102318,0.149585978310557,0.0261006366570238,0.0663594467573991,0.18977442665524,0.232729080829735,-0.211884959229908,-0.195495205976647,0.0935838608980868,-0.157192828668271,-0.107373748862497,-0.0235440451564435,-0.0623471842666052,-0.209827459348632,-0.0620726858664867,-0.600608486390105,0.267068469564167,-0.0440111380949637,-0.12692364464443,0.31142022253731,0.0291881444356516
"Adipocytes",-0.171186497184309,0.0623834554511644,0.144943235826395,0.0877629858755791,0.272072072072072,-0.159281060465011,0.132219400118003,-0.0333532221607755,0.132140113480211,0.0768085543782389,-0.0714816767894661,0.230157730710988,0.0772435975507486,0.116907715433735,0.198964131770087,0.245966015207684,0.27510007242005,-0.0661070925842874,-0.0248258859657909,-0.220081632047413,-0.108112175342623,-0.165030511647829,-0.017728051553548,-0.0899701860169957,0.0655032764146551,0.0503549606741452,-0.111893637334179,0.403758613837999,-0.146559257549287,0.030022005377028,-0.162878441279332,0.491905870489869,-0.0716741705749814
"Astrocytes",0.0134224129963414,-0.206513388669182,0.157889858750725,0.0292004379075109,-0.203676354489413,-0.158561702597245,0.0437126354345769,-0.397902914727465,0.0764858127180059,0.0408612533792712,-0.279980200513821,-0.0869513995793433,-0.129661977093057,0.0872437795329895,-0.167208536659466,-0.184418115399736,0.0359612420099255,0.0190418101870936,-0.13603515322487,-0.381637295418454,0.046322314184905,-0.291316318453729,-0.211121711921349,0.174874606198526,0.0965187967181848,0.366367240566482,-0.234544628045994,0.727512811880447,0.280081943479827,0.207726851542808,-0.204029918811993,-0.174678309634349,-0.059342450381811
"B-cells",-0.0385867608100864,-0.163971500581906,-0.0296127210859516,-0.0583154990627713,-0.146094290104551,0.0907252174601889,-0.355133670372006,0.18867203757871,-0.020255626174917,0.325795472993038,0.0593756487759306,0.0133034880876791,0.012985962602155,0.0549270329884305,-0.161902476928241,-0.033233868162863,0.234329134376126,0.0351820322011665,-0.288791197050928,-0.138023564055063,-0.040205056235245,0.00174675196087135,0.176074751273071,0.000878797749130616,-0.0994211818477217,-0.310584430213976,0.0778624218768662,-0.763553622587589,0.188328794162216,-0.124000313351053,-0.141502020892133,0.0769335946870648,0.314371149728152
"Basophils",0.154294257874135,-0.428836711129422,-0.0372683186935798,-0.0632085439866595,0.0818532818532819,-0.0533547574730087,0.0699107872358941,-0.186186333726898,0.0880564423747086,0.317562725784402,-0.102408322139868,0.0457203509462761,-0.086115580669076,-0.0186187916642334,-0.165645838769359,-0.341406806534063,-0.0542615234352198,0.148481509193869,0.0448937405564901,-0.142296292653942,0.0984918940854014,0.204101000743103,0.0234715839475389,0.0193917983616736,0.00249453962911133,-0.189069261874361,-0.0300695376802928,-0.658432580589813,0.0187036603963978,-0.226657361189063,0.243117823229054,0.0737892614238354,-0.116660662923521
"CD4+ memory T-cells",-0.0995326654723623,-0.325830808997513,-0.0239289462133654,-0.194971146491423,-0.298841698841699,-0.0405907597695609,-0.113837518183017,0.0433344835518749,0.0124553475187937,0.113592864869613,-0.189816433566434,-0.11706331559372,0.0344950922596949,-0.0311129841342543,-0.105382085096076,-0.165174283569724,0.0639338693131665,-0.0404853107500681,-0.273132077317892,-0.239699361384176,-0.0671717205790949,-0.056110476857231,0.052624193933604,-0.0574970955677383,-0.0708432564536361,-0.0917601802943799,-0.0168087546795227,-0.762720233419369,0.226141457973305,0.11143791082686,-0.0434360610680172,0.314962917392939,0.195205438938472
"CD4+ naive T-cells",-0.234644232471656,0.128411678040601,0.073934883034986,-0.06716000038548,0.0683108287757034,-0.0414825974816204,-0.205193986656967,0.0143858954173932,-0.065614984165911,0.095745069371523,0.100883938268031,-0.176148072396276,-0.00519830748986565,-0.0242649896379243,-0.028435436321183,0.139095978829227,0.0300321198524939,0.122337879060613,-0.0405493500954268,-0.120517352837435,-0.0191064744145415,-0.0150310756123802,0.136346691190179,-0.0734813007527365,-0.0860698904181997,-0.168206304555779,-0.0850898232129886,-0.665541161051982,0.0629314757224772,0.118295957102822,-0.0331918343819213,0.0330152439124097,-0.0824281886497926
"CD4+ T-cells",0.038641370666352,-0.0813036689176884,-0.0095526162531705,0.0018317084630816,-0.149102887100806,-0.0229318945199881,-0.200212239113168,0.221824965292378,-0.0790588383927243,0.0380979132014101,-0.146372635325712,-0.0459428260914913,0.0214603037221337,0.0630505028398591,-0.017066806335484,-0.0383681115697941,0.0476458604954951,0.168439727701061,-0.0422462235394458,-0.0505669568315764,0.0712212193104157,-0.0462015118842634,-0.0396869071789787,-0.0161584520697203,5.21237652248737e-06,0.0359037965109528,0.0482057001618159,-0.303715440680623,-0.0238332171939781,0.148874815563732,0.00871114860497072,0.267126098239725,-0.076979133449905
"CD4+ Tcm",0.229147608977479,0.202369902636518,0.0492443696123205,-0.0952308009383512,0.167839064177769,0.105140043871633,0.033663700315438,0.0603232978436034,-0.0311955461191982,-0.00747519810888642,0.296711669748881,0.0626815811609455,0.112194879131786,-0.160004412917957,-0.0713479610242474,0.28065580366687,0.019035520439504,-0.00533607168819638,-0.08629081379597,-0.050886712423651,-0.0758492400312637,0.0471400065075734,0.0845454449458927,-9.58925888641731e-05,-0.0288877666438178,0.0068510697880749,-0.00102279250162065,0.0531106058147904,-0.215370982646979,-0.143674972325366,0.108925750148836,-0.171275433815988,-0.162242231034975
"CD4+ Tem",-0.0761376530690435,0.169000773381193,0.0448008502264135,0.110182787024981,-0.00952994402333373,0.12239131409082,0.0353205516887721,0.330409620263278,0.00105305854939648,-0.049162934274855,0.294988785044019,-0.107157200449298,0.00373412413478268,0.019539146684414,0.125417424024239,0.380923874829361,0.179672360830915,-0.0552445743028306,0.0736602034621533,0.407633124895512,-0.0268107200265762,0.101000578474561,0.0490331594094296,0.0671427135661984,-0.0321863511829669,0.0285411935073811,0.211566997606625,-0.344887771990569,0.225959340521643,0.215210246869835,0.170011502063874,0.0170797301642183,0.0137211394410002
"CD8+ naive T-cells",0.307422003858651,-0.246648377671946,-0.0754039744167312,-0.24610957194107,0.000522247062793367,-0.116406661556646,0.117283824596054,-0.290102169201403,-0.00862467888237742,-0.277577215746042,0.279464586531696,-0.175857068238666,0.121655138549071,-0.0367248039090389,-0.0916142873034798,-0.280918066524989,-0.166356270575194,0.136662207995767,-0.0829245349838978,-0.278151126046263,0.105269119748029,-0.114774684972035,-0.162431586278316,-0.0119266436361776,-0.0139559237284242,-0.290968912326718,-0.185010464269781,-0.538523595710584,-0.244121128136469,0.0604476602184551,-0.296927402915085,-0.455005297515294,0.0855219846475274
"CD8+ T-cells",0.00200159068455135,-0.0271587389246111,-0.0146287691608475,-0.157519440427234,0.0990078324689747,-0.0821440590999028,-0.133421291133291,-0.0241843517505301,-0.111487467161403,-0.039201775799548,0.157533509167648,-0.175342934652564,0.0136527102251713,-0.0853352755633285,-0.116426850678607,-0.0172405497397178,0.0732283121055869,0.0837973207662952,-0.0392300771765839,-0.29911096516281,-0.15166602894967,-0.120653675380951,-0.148112339169029,-0.094115232767551,-0.0482075272127004,-0.22116322171085,-0.177938683288647,-0.677455242114812,-0.0749505102206638,0.121251397605963,-0.0524622565643747,0.109333763052258,-0.0209618656756068
"CD8+ Tcm",0.0522225259144415,-0.300422941502747,0.0199903615414079,-0.126289443904164,-0.155258054920311,-0.126469511542439,-0.0949101845495119,0.0575024498621831,-0.012011065722568,0.155508148934426,0.0347046250967695,-0.136358168625555,0.0144677536726481,-0.0123052091830372,-0.00416058210205974,-0.0911191551989772,0.173989267874682,0.0675403956877008,-0.202543678202355,-0.23423624636965,-0.0582812385746511,-0.0435076092369315,-0.0699968796386416,-0.096988259326879,-0.0721074049761634,-0.303018538704741,-0.0317805750204365,-0.637254570826236,0.0521823356257379,0.0464253413011438,-0.0443747473219931,0.276922788838504,0.168749698306488
"CD8+ Tem",0.154107313665288,-0.292079452334678,0.049962382574215,-0.147342372848155,-0.227655386283518,-0.0348826019017928,-0.148683505248169,-0.111520991583728,0.0302648228246403,-0.0640330781088147,-0.0689142948705935,-0.0936683707786541,-0.0461087182795758,0.045150414244735,-0.0796561509568691,-0.129755658912191,0.00640592784111211,0.0450984660286145,0.0238776643313829,0.0103474960467326,0.0534049073238057,-0.0398571521782633,0.103643562794919,-0.143860957642152,-0.0280968958131159,-0.199095750564216,-0.0400181027701413,-0.453345373989897,-0.0212356574997613,-0.0369379015972296,-0.154236200150606,0.145699528675591,0.0650080430808965
"cDC",-0.188160425098484,-0.285566058296527,0.128467358585304,-0.0206406620422888,-0.0384838149969945,-0.0977768187661497,-0.0826566506364913,-0.158853807223372,-0.0279582739086953,0.0818594336213219,-0.263599608174273,0.0240971144089863,0.0877133493282535,0.17541010834883,0.0195792621780987,0.319830422942846,0.33131025598206,0.126636546994008,-0.222497853889387,-0.0998099929017849,0.118146773314755,-0.231612190865162,-0.0365028660138524,-0.123130900535108,-0.0633563612274844,0.0145962153087847,-0.0855161017949393,-0.432057756331126,0.365447698379231,0.0715145386326256,0.130708893488581,0.264085168958055,0.0425437898820975
"Chondrocytes",-0.113027729796526,0.0650917951222211,0.181938856626623,0.0332348719217651,-0.156183216517283,-0.0780673569164849,-0.244026152815128,-0.0723117361828688,0.127878037884225,0.103928760852607,-0.0698712921765452,-0.0162958323785548,0.0494950451112823,0.17009143571219,-0.0103294319628844,0.292524896280747,0.111258780884265,0.0770512769702664,-0.12410179968631,-0.281524140439781,0.0393265293347466,-0.410699781169283,-0.116352191379827,0.022617901335488,0.0430775107028223,0.230984867844538,-0.226072587004253,0.360905704540089,0.150669608109772,0.0419421905984515,-0.148885897881241,-0.2160484721051,0.162587948703193
"Class-switched memory B-cells",-0.00536791817651779,-0.0906321835387832,-0.0179235982526327,-0.0923484580388489,-0.189237905345318,0.16828036159782,-0.310495796831717,-0.0525268443484694,0.0897127171464233,0.144221683066625,0.180681818181818,-0.0377811641680581,0.111759658648622,0.00488154766857772,-0.0654956518122793,0.125053029752398,0.237540001883187,0.115551176618411,-0.0454475396531503,-0.305138649039237,-0.0652392188198718,-0.0108624853181218,0.296567687372123,0.0226452357818926,-0.12769890265621,-0.162753658517172,0.0869837453752895,-0.777749519228082,0.255474819010611,-0.29496416967528,0.171676996413725,0.315459750981653,0.0907000122625062
"Common lymphoid progenitor",0.149163533539646,-0.218717840282246,-0.265525733941677,-0.306551857028493,-0.264864864864865,-0.0580560041685658,0.172370023928249,-0.414038417299287,-0.1037024515875,-0.183069287279224,0.0484265734265734,-0.00264336178254191,0.0254403596061908,0.110476001683656,-0.0972111675497368,-0.354477262567859,-0.222452370160078,-0.000368734159531605,-0.0309152719239301,0.00654637211959627,-0.0545979470428684,-0.026389993707481,-0.0838072719351476,0.0682431211899582,-0.0998688341844289,-0.017496650061918,-0.0181979337980186,0.143555405927755,-0.0708045545464243,0.147216544773316,-0.265930509630788,-0.273381295003945,0.276454844908354
"Common myeloid progenitor",0.0380610437831206,-0.0864606721556455,1.61713740877015e-05,-0.100389958504131,0.0603635026162355,-0.0117631933921573,-0.00897203072229304,0.0687730865338119,0.0799607581502142,-0.011392422396967,-0.0947082241775599,-0.0161349023974225,0.0606393065159331,0.0191197708420717,-0.0548391385820067,0.0876107542676537,-0.0621250542926392,0.0376607685454375,-0.0171151092373256,-0.0114709747324333,-0.0237051098591177,0.104150785898138,-0.026077469078561,-0.208381759916979,0.00557800083740431,0.103037212959399,0.0501957646801971,-0.0918377155814418,-0.0199967938845233,0.00528508050371549,-0.0534062045338468,-0.0701412863781742,0.0814747840802477
"DC",-0.0727864483569651,-0.178253409778843,0.0909610610928265,0.0182273688402228,-0.0404639511238973,-0.146700557851508,-0.0238506285092722,-0.071992638234165,-0.0232980369670168,0.0778623970794146,-0.0793572774914343,-0.0157135995887118,0.0558231506701508,0.0570103003914274,0.00618460423680803,0.248674011328353,0.372285441419917,0.282809645638702,-0.195010762426406,-0.116948800462271,0.0226473936310716,-0.277329743563006,-0.0551637761989971,-0.118156974230736,-0.0614962892138965,-0.0824485245893601,-0.045609482763977,-0.255170625636185,0.391079637217981,-0.00273467265832784,0.120065816232933,0.367414732235092,0.0339159531159509
"Endothelial cells",-0.254453447440148,0.118160694976333,0.0933940350599236,-0.0775373735689865,0.0725915440077087,-0.0852041478344093,0.205903132359863,0.402970794603309,-0.156358539370798,-0.132351490206674,0.0190996503496503,-0.187278965186672,-0.121652143435755,0.00228226461878921,0.0892202297850105,0.13819363311932,0.343289647571529,-0.0603211266105548,-0.0712061501839317,-0.365514793718945,0.10780789031807,-0.0785207513149737,-0.0352549558156198,0.00833775039285134,0.0315528586080832,0.101969141070608,-0.0397226330941353,0.615197196972531,-0.430138258171941,0.0548287624907971,0.0185490968159528,0.0692424682682825,-0.143838236120318
"Eosinophils",-0.0446189349281548,0.342959030348733,0.0568533260373293,0.196228353978456,-0.0941842855252956,0.056456204635567,0.0189716766141706,0.25557818511175,0.0583415627213886,0.103815414833572,0.0282219522292528,-0.0293415851014131,0.112256543575302,0.0492456946867712,0.0262788098109373,0.274345988610613,0.253426782334012,0.207680528503195,0.0618975812494952,0.242612759596911,-0.0313894124425334,-0.143307500108891,0.149628681513827,0.144777209387764,-0.0700458248994061,-0.00971244847613075,0.0945358791697611,-0.118113585514324,0.0141287260949203,-0.122689388077243,0.11669815420614,0.187344118143147,0.175849886458615
"Epithelial cells",-0.151652696830636,-0.135541308924214,0.305073691339195,0.107288430117338,0.121750321750322,0.336859223781004,0.542054765821967,0.216468253968254,0.0569264701864414,0.0669135825649134,0.0416520979020979,0.357773091592855,0.342729846601481,0.088795984266099,0.278188265650225,0.0354615767502191,0.270157406302932,0.048086716291737,0.141850761843613,0.435021034954381,0.168455869257336,-0.156323882682117,0.265383926438978,0.162140752296523,0.209136927706354,0.268805394794962,0.256037454339661,0.810301874088206,0.525861933629988,-0.0742349682041913,0.00565701226641817,0.808523727454471,0.0738802223687081
"Erythrocytes",-0.0637603191771287,-0.169725130000362,0.0116249036562738,0.00402137943627094,0.0154089503165566,0.0501495370607459,-0.323204553694147,0.0859585953080896,0.0727290387160557,-0.117961107120768,-0.111943227396227,-0.0870497214327973,-0.0310562601009173,-0.045959789956488,0.0255707745387442,-0.127985664687187,-0.0725550698288748,0.163969001549558,0.09620028551447,-0.123247291137017,-0.138526285484821,-0.0519167736460023,-0.0142613642507361,0.0524780590568885,0.0287776003354727,-0.0232837909599269,0.068127153952353,0.210792806849993,-0.0515820342818308,0.098791831142462,0.0383609219961745,-0.184799438417881,0.0732299107654181
"Fibroblasts",-0.0790435392083335,-0.0182568956730344,0.0918576804755482,-0.0109208975713945,-0.108950441131626,-0.196391128469956,0.0224077202491538,0.110599999658332,0.14995441241833,0.0726572408795502,0.0281436523592834,0.0284722398149891,-0.0116594081746533,0.0180125169499899,0.181353360940728,0.277977291269237,0.165285940547349,0.0634128207173967,-0.153069892678317,-0.290465332359334,0.0333047152791368,-0.0481503890530815,-0.18413267368801,-0.310260753924723,0.0297855435086617,-0.0381880614392248,-0.286234318758031,0.431431888008924,0.0419858268348913,0.127373479836204,-0.0764073793324109,0.0314086023388705,0.138532127218303
"Granulocyte-macrophage progenitor",-0.0390424495779702,-0.0512805210085144,-0.0232812889003402,-0.0474963621141684,0.00238756294750031,-0.0363771800679186,0.190308365496046,0.271251463338562,0.0887529531149452,0.0205719307046284,-0.0126506078426248,-0.138696053805543,-0.0305253087535433,-0.0355388127620672,0.111674076160151,0.209189683960963,0.231412602293032,0.142591631073307,0.0708761957722451,-0.132915060328662,-0.091167986778283,0.0398708303206299,-0.0040130510102243,-0.15097748883918,-0.0414828746524647,-0.0149280520931868,0.0433409670088203,0.0576095138223517,-0.104591134240758,-0.0051075375408783,-0.0565201137557355,0.170139686363133,0.119224623739707
"Hepatocytes",-0.0481624725656285,0.0164357152369876,0.0956656465697089,0.0350030028621599,0.364478764478764,0.0310756180811945,-0.067252256864912,0.41562560371694,0.0666654929195618,-0.0605275837490628,-0.0139156072315786,0.113807942722523,0.178736714782071,0.00660932393248953,0.337824677995098,0.0619654417446004,-0.0368969702089459,0.0385264621538663,0.0359824733989076,0.0764342668490013,0.104823897265829,0.0223002492594537,0.109352221109728,-0.106721960635095,0.0380662264592181,0.163631032617428,0.203887021184395,0.516831973652408,-0.20328095787734,0.00680854069181532,0.169558468152649,0.0295308267419812,0.0767713471824489
"Hematopoietic stem cells",-0.180591336723842,0.296020249695267,0.131466945030027,0.0875503044992599,0.217503217503218,-0.204310259232793,-0.0678231197803765,0.222972739820566,-0.133607090264975,0.240949185794614,0.0195804195804196,-0.0415706932034504,0.00183861205888381,0.0457217342412489,0.237099711658446,0.509056703479605,0.439110718801441,0.0595931130135309,-0.116649049289487,-0.197401793597756,0.0187689252219749,-0.30846798928293,-0.146480176737521,-0.210316786021416,0.0127773138879785,0.0573305070819082,-0.162707268429829,0.569261462112994,-0.259850871629255,0.110932281246804,-0.0158087321463962,0.0760436781327387,-0.152787588644222
"iDC",-0.12799000600338,-0.0856517336177835,0.0979280477880446,0.157268573675303,-0.041956241956242,-0.235606853720511,-0.144963682453145,-0.0289021164021164,-0.0316582393617575,-0.0162853515191396,0.0312062937062937,0.0125888003736264,0.0105991464017458,0.0278910228595339,-0.0596749869429712,0.156102123801364,0.301058090989336,0.242853990300738,-0.0671488549930374,0.027241564377348,0.0633085432211973,-0.330418887846732,0.0014658466682589,-0.103952779025467,-0.0391184023986588,0.0939034167720911,-0.0366753523449818,0.0294093442561628,0.409716000819759,-0.149146483029583,0.113701811583156,0.326013773351997,-0.0349316027542986
"Keratinocytes",0.0244067709171231,-0.378076588153962,0.231178935422186,-0.10360161367362,0.174259974259974,0.149579435183951,0.410203363005816,-0.528775592362549,-0.107436118124849,-0.282109712752736,-0.0565128552574738,0.294428065144384,0.349549962317459,0.0404764069954655,0.193226353411834,-0.214362296436598,0.0442847532027578,0.0867943483205162,0.0788247474789696,0.177128598881598,0.0698724664275235,-0.0957692703448221,0.11522271315978,0.0573056018487648,0.0837377229707027,0.291787850769014,0.128534117768114,0.766818497511161,0.524310254132338,-0.238180018379622,-0.108424142364451,0.66127629601161,0.047941001510418
"Lymphatic endothelial cells",-0.275856865125936,0.214033224252131,0.0835588477446577,-0.00502627567126101,0.127314094120878,-0.199393520929096,0.195858991945612,0.338219419067673,-0.156397842610202,0.0193582533324249,0.00305944055944056,-0.153628470524983,-0.090834994672979,-0.061027456613576,0.139129537719002,0.149740059924633,0.379126644049305,-0.0486437240060227,-0.0438624911174432,-0.319585403421799,0.0960311757698499,-0.0471443117608,-0.191384916849385,0.0305479498401946,-0.0477144644488267,0.0151060271100628,-0.0648060271000128,0.434835845833489,-0.390525847942144,-0.0441891766794903,0.0222316849578125,0.141388009484706,-0.113511269507634
"Macrophages",-0.32066180436375,-0.3898519789072,-0.0642746640233893,-0.278956943469123,-0.187435639580124,-0.171895083961046,0.0980282713041645,0.0336918124175123,-0.0622409516885527,-0.1442038457754,-0.352097902097902,-0.00546752133995786,-0.00105820677279965,0.139692530700498,0.0422587249909365,-0.0710535604151067,0.244153680563754,0.0311816732855188,-0.169784825646072,-0.125105230020114,-0.00439095247296535,0.03420893449858,-0.100756932428716,0.0160221566631478,-0.0857037754893085,-0.230563091028831,0.0793057420571159,-0.294341040747043,0.19224632927929,-0.0997388259877554,-0.145029323551575,0.335604108604242,0.00366473286670746
"Macrophages M1",-0.333446282490942,-0.32465326680408,0.0272852695817791,-0.261006551101102,-0.068983268983269,-0.172999659941957,0.151965701832014,0.0599380605536771,0.0539633477026276,-0.117814388422034,-0.346022727272727,-0.0741196151432616,0.0139709782163768,0.151492622386481,0.0669356191232505,-0.221522619938233,0.242515562905561,0.0959087003663743,-0.135897772498413,-0.0603629611675698,0.0278771593945397,-0.02864749854931,-0.0880045378552663,0.0108724613132393,-0.111112014766396,-0.17726204353377,0.0596933077907811,-0.11892998704699,0.14276444947543,-0.0949893580835765,-0.16772171100795,0.274240404661813,-0.0294111409874793
"Macrophages M2",-0.418399562973222,-0.181600310053393,-0.0804111962857417,-0.152963658583661,0.101158301158301,-0.0618543334488236,-0.0288833299378342,0.366263457597437,-0.096843181893135,-0.180343869904711,-0.172552447552448,0.101541009984622,-0.0699385923666454,-0.0580727218152691,0.0887426945248004,0.22127540377403,0.240410877633074,-0.121322993207937,-0.156645443206391,-0.240493152819376,0.0109778479806402,0.0778529073677114,-0.0406871555770316,-0.167012056929624,-0.0417487025243964,-0.201930786055166,0.27451407061715,-0.314384223853101,-0.114851554366337,-0.0606561353182095,-0.0398614542507747,0.240481465201781,-0.0751017713554085
"Mast cells",-0.197727617339363,-0.181942111444401,-0.144582715212204,-0.107409995926203,-0.279425961065134,0.0457811976754275,-0.222915851319459,0.0622642051989878,-0.0478342820479916,-0.0504463291529084,-0.0440122377622378,-0.0389897896861216,0.0659820599688943,0.021432350170234,-0.195589545190211,0.266140951024715,0.139659535729377,-0.0778312718272864,-0.136339623749009,-0.167476802730426,-0.187854362919385,0.23841756472748,0.159121593513889,-0.144244497807066,-0.136062012046562,-0.070476985430001,0.114317664500723,-0.737569275302459,0.116785133054647,-0.0111203097878472,0.0422173397287658,0.00879610710180815,0.186591607718489
"Megakaryocytes",-0.214156762748132,0.253434774096954,0.228238623300082,0.220707774874361,0.0081086299157547,-0.138521798726674,-0.0834771997824525,0.593854856763692,-0.00664948637986612,0.0958419379255684,0.164729020979021,0.0479289172436903,-0.00640500424237421,-0.163519642181336,0.20813652162402,0.364739239792142,0.342422558636145,-0.0236651692642976,-0.0135772721859697,-0.0266421114592891,0.0533436688231903,0.012780541473241,-0.142121447336995,-0.160957433042217,-0.0279392188447109,0.0668853229202054,-0.0394152909748365,-0.15352815865575,0.234545443421253,0.0310094409614237,0.132129016931564,0.527434144375968,-0.0911437795403735
"Melanocytes",-0.0198286409098564,-0.030022937817472,0.061859139676692,0.206321591031024,-0.292481987037117,-0.0724205536134806,0.195235993462368,0.128113623265557,0.0863611788275561,0.35076646714913,-0.0115821678321678,-0.0369927424335219,-0.0471091593021714,-6.54505721197769e-05,-0.0332512092431721,-0.140621621161697,0.0794672225065579,0.217743065468479,-0.0107221181455764,-0.260285505831504,0.0386399308049312,-0.0950229759811526,-0.214384021758148,-0.0126964165646641,0.0479416042694734,-0.159482048531875,-0.0832564546649153,0.0325886039711995,-0.16530646500082,-0.0407117087805843,0.132460500826325,0.258473058485282,0.0386902150210691
"Memory B-cells",-0.0272004778680657,-0.10931862145427,0.104951968385692,0.00576306698697277,0.178249680357761,0.114553669789695,-0.173135869797813,0.170615600728728,0.230745706870485,0.269098065705802,0.108143405232095,0.0885152036641589,0.0897245841843796,0.0593888003045126,-0.023422899436754,-0.0457808020773294,0.218304093707272,0.0180587183348479,-0.0823931860207851,-0.130704087335804,0.0564103446602736,-0.0537998664922827,0.150321494774204,-0.0307921271620706,-0.0340769056675765,0.0838309735471767,0.0413733615339538,-0.395180740547366,0.0815161943617496,-0.235959716422063,-0.0959340166105721,-0.184927827943283,0.0915850818871217
"Megakaryocyte-erythroid progenitor",-0.200386111466474,-0.0554995508185546,-0.0390597271185216,-0.251159484870823,-0.0229086229086229,-0.0147462369243601,0.352343803275738,-0.215780998389694,-0.108552129562738,0.0238201256227839,0.209440559440559,0.185541417086581,-0.0151208259487439,0.0239329982076721,-0.144928878099907,-0.168160666545803,-0.354810601903762,-0.0145319077743609,0.0358592240529405,-0.089175654853621,-0.171503034201828,-0.187328885036865,-0.110860998328159,-0.0815654062306845,0.0361161860070459,0.0132563069057209,0.06471829046482,-0.228329530293395,-0.272015780878344,-0.105505665190435,-0.255516716419661,-0.16767203816594,-0.0550401783815209
"Mesangial cells",-0.0626877455140951,-0.190869781051537,0.197768563782054,0.265785230715413,0.0262548262548263,-0.0321452218290633,0.123294161621362,0.208643892339545,-0.0166091214040384,0.268035308750311,-0.161188811188811,-0.104895761069132,-0.197355915106358,0.00665053095126199,0.0501571324106732,0.0791321171847354,0.179511441402946,0.231300319968748,0.176913005552032,0.0465171136233791,0.122933916553182,-0.3197057459284,0.0643748507284452,-0.102622577606438,0.0257921721044577,-0.104124103507196,-0.154218304083479,0.80581702247076,0.413513344227153,0.00805991847883492,-0.179956957199958,0.683401972108873,-0.306632544314159
"Monocytes",-0.0207546212957731,-0.337596834456965,-0.0089511612461446,-0.132834954115966,-0.0587629353901183,-0.0904326121253907,-0.0715518855278165,-0.187086912051942,0.0281785988378504,-0.259899323577527,-0.116142101181862,-0.0979678637868994,-0.0572423250875132,0.0684227962230832,-0.00648793682980248,-0.000136358522972304,0.323873727837132,0.041998073412378,-0.174545114953557,-0.17429175893874,-0.0487945476673619,-0.0977357487677775,-0.100225151044197,-0.000622523920873279,-0.191465949112249,-0.0779852962727239,3.05473889554595e-05,-0.27852651328772,0.257550216440856,0.0504661710785182,-0.0226172949379,0.0304292859664806,0.033749880445767
"Multipotent progenitors",0.0914040714720003,0.0305578093727778,0.0204335910115688,-0.0849496275673396,0.0137693012042945,-0.0181985653095391,0.0812309462819182,0.0102286129513581,-0.0806651561237903,-0.0274897428588629,0.166967850114741,0.00686484481311383,0.0353742782797114,0.0219625721471735,0.110704314832658,0.0467940779168394,0.0500346897601199,0.139424730310061,0.00670519631145861,0.0615844268310224,-0.048727663523727,0.0211553039585939,-0.0250362935195611,0.046087837010384,-0.013471010065711,-0.031055320978508,0.0721778870743601,0.136820385988335,-0.106923222376864,0.0958885575064469,0.0632244771997772,-0.120642613308339,-0.152833155889826
"Mesenchymal stem cells",0.258686718343191,-0.195898680495826,-0.082653884474385,-0.285233331614116,-0.0344916344916345,-0.235853130414594,0.068980831537138,-0.613650218541523,-0.0116235058448106,-0.467639598925406,-0.143618881118881,0.0802423589882274,-0.143971864211969,-0.130636988767165,0.0517548415296437,-0.183774133352031,-0.0365633036715414,-0.0114213042234405,-0.0986765365270382,0.0877711604715985,-0.030183041311408,0.0893469433792014,-0.283804036302842,0.190358182257459,-0.0850312923722644,-0.06836827712354,-0.0365167706224333,-0.506223269616828,-0.0424857871403637,-0.0987401989784259,-0.0149972527222855,0.006493617458526,-0.130447336983604
"Microvascular endothelial cells",-0.252556942075584,0.127512759200325,0.0724203191278819,-0.205035730383369,0.0404118404118404,-0.0969159923728121,0.142283221909672,0.250011502185415,-0.129751955130324,-0.146390706021188,-0.0192307692307692,-0.150573463087845,-0.0990494476126175,0.0505102064823278,0.0358575186092819,0.0904816751890462,0.345003888637068,-0.023296435104766,-0.0671876605008108,-0.349037412787175,0.0940607466191535,-0.137508953977545,-0.0937813470265106,-0.0184515316114783,0.0125784888619442,0.0756281524340394,-0.05066111025364,0.261521964114266,-0.429523771083924,-0.0977645475352204,-0.0593470021020851,-0.0246757463423988,-0.186638590371824
"Myocytes",0.356661540123233,0.144690429604595,-0.0691120832644344,-0.0286854711015714,0.0967160535341031,-0.193429073762827,-0.111657999265111,-0.247479280141724,0.0816576703579131,-0.268321617980257,0.0820157562959394,0.026058791525931,0.160796797388817,-0.0194269030504112,0.0886517614147567,0.343440822380214,-0.0767453135324377,-0.101912448861312,0.0606891768606909,0.127187171534997,0.0624880318583021,0.0276870843990814,-0.225631655237176,-0.0667545037630201,0.12532080560995,0.147272496674806,-0.204772151726397,0.378600620830516,-0.101681005745476,0.131254502303384,-0.168478264823115,-0.512893248421577,0.19202059382057
"naive B-cells",-0.122269440425153,0.0462930157420394,0.0109209335242349,-0.0203252253549969,0.0902217069386153,0.0370660024684543,-0.276415655636129,-0.0139849290282225,0.00903038554735256,0.11717927827784,-0.324201791474617,0.042750103906824,0.0230640455156372,0.0193746267865442,-0.00149260085429228,0.0546599510354393,0.128210273595995,-0.0672026182327749,0.0146707296899821,-0.187837289144018,0.0424684892473654,0.0159386248562208,0.193415715192613,-0.200352158644235,0.00333825449811193,-0.00304081330794748,-0.0394331288468122,-0.776612010651203,-0.00938618049165391,-0.163040086959629,-0.0739701335145365,-0.0254156146589738,0.153862973249638
"Neurons",0.114806306890544,0.464174883893071,-0.235243284802276,0.0591924786323647,0.0839124839124839,-0.231195639088693,-0.047920070124134,-0.291796066252588,0.0707680458028727,0.24067178172036,0.305594405594406,0.0592722264434079,-0.103809242491832,-0.13507182640684,-0.00799052889752598,0.171673831062305,-0.272144953121645,0.0894605799355909,0.11640054458165,-0.303440037395474,-0.016113730393691,-0.299473545695957,-0.211693933604012,0.0789804970122548,-0.0232076552972696,0.0676271200424916,-0.271633445939634,0.367293856531877,-0.383724278372516,-0.137517002688309,-0.126123855424377,-0.367128624944665,0.147572514124078
"Neutrophils",0.220630192084105,-0.0459644784387854,-0.020665919546466,0.0364881594338252,0.125612339515711,0.0318325489552731,-0.217225068381734,0.090882033099396,0.0611242933633284,0.0181471552120913,-0.245615693508806,0.050232821625641,-0.0915084746479659,0.0476133294930656,0.102054498524446,-0.0144198628305128,0.205401863949047,-0.175156698467327,0.00949565209768205,-0.00281479754343032,-0.0433077591415822,0.0287710831886737,-0.00384911339231113,-0.0267515734971643,-0.0138005279735333,-0.173065981626671,0.0831464968910907,0.095167239189444,0.0102852953800693,0.0147513713678543,0.0296481069356755,-0.0830873407160401,0.0387496036333467
"NK cells",0.157571326919312,-0.0637305893425589,0.107316884876215,-0.0929404360790136,0.249228450130964,0.0326740780699664,0.122414109766257,-0.0233151529612687,0.0281977688841146,-0.19474211814777,0.0362911537128257,0.0119756662272749,0.00636196384660746,-0.0206210984183384,-0.00883910299091838,-0.0628997321269279,-0.0124383899009051,-0.0222176636609792,0.116882780299592,-0.077098496781189,0.0949736282817172,-0.0362324785810042,-0.0228306645072819,-0.0581127124621047,-0.106382083498732,-0.117520437516644,-0.106198657953712,-0.298294532978849,0.068728135243786,-0.101836404543336,-0.0367263335758353,0.181709501068305,-0.131334475617518
"NKT",-0.189430406369397,-0.0527761922611507,0.0401447874476847,-0.0984146988286573,-0.0707850707850708,0.344880615592311,-0.0489047290992874,0.282214745801702,-0.0444963935155869,-0.271472813786878,0.0116695804195804,-0.159146181691384,-0.068716367465207,0.11199316781745,-0.112528170288365,0.251869825370312,0.100589259727557,0.0994731305751798,-0.0210322591164689,-0.020928913973096,0.0257438455090141,-0.200907468309845,0.172011583472653,-0.0576971906988745,0.0795249198586522,-0.0819430868463826,-0.008966525335246,-0.147635257297473,0.10980712570724,-0.060098704592783,0.0751600452743146,-0.45486081450275,-0.159928951951086
"Osteoblast",0.0465069971687019,0.231538175216645,-0.163224909453726,0.0792756571826205,0.114421777700094,0.13121262638272,0.114511444745056,0.193658985311711,0.0748703542671177,0.0372970508897595,0.441652097902098,0.0707406344521285,0.0570353298508882,0.140250101976135,-0.166796945090396,0.0417848107383717,-0.133533210368673,0.0499802530549261,0.145785344685576,-0.0758883817364069,0.0149311082280094,0.328334656451123,0.115906644149495,-0.0258092148553158,-0.0137967094565799,-0.184448105436573,0.022725317105787,0.1345730128259,-0.36646635062909,0.173255690823339,0.117102351474811,-0.0491144501599015,0.185839885265135
"pDC",0.0237451598008097,-0.310605896141345,-0.039373664695917,-0.222938781943476,-0.161915181492372,-0.0528214468440038,-0.00831489801240681,0.0846230767074327,0.016469509522226,-0.0498405627027025,-0.127190873848492,0.0829253064797651,0.0648955592844669,-0.0154867177672193,-0.13276169469675,-0.406704409713147,0.0848149965534788,0.0682677941487608,-0.206492691311716,0.0199151455740002,0.0542863225202388,0.114309250568469,-0.0241192978266062,0.0218335109404478,-0.0898624782640988,-0.302030872737171,0.0977400153213751,-0.592840861960221,-0.00948273081178853,-0.0896751128772664,-0.112963908559279,0.0854139264546121,-0.0606025264516171
"Pericytes",0.0345540637080069,0.0764730045026218,0.100260624113734,0.132168169529266,-0.222680597267817,-0.140866433282814,-0.0600034544053175,0.21630502434775,-0.13300969602489,0.0532161376423488,-0.0935460407024881,-0.15144931651069,0.000134325340124987,0.241150057588295,0.208010698894784,0.0820294428012857,0.0860401126654855,-0.000478642976593341,-0.0416609100383786,-0.181354565919546,-0.0213516324260287,-0.131104947247273,-0.0774936593586891,0.11959409277562,-0.0393107054818923,0.0237727972847203,-0.0645436879021297,0.511555022731704,-0.242173865403272,0.00686912453312399,-0.0279643357061219,-0.0153427603248705,0.0766909372717071
"Plasma cells",0.199539457285865,0.17249230287014,0.0545980235096241,0.103556989115956,-0.0676962676962677,0.184757635786731,0.0786633114594802,0.54711113349077,0.110536268531889,0.293132637540396,-0.0480332167832168,0.0424949803494297,0.185290493315962,0.120251517458116,0.00223129846707211,-0.085140571764232,0.132230086335386,0.0625290991699148,-0.176270268948491,-0.0333736938298772,-0.0558134868024113,0.310428860895754,0.225600071650346,0.000653525361700758,-0.0109644405854086,-0.158197054407626,0.268176522036504,-0.172536404987538,-0.153212129755048,-0.226372499453821,-0.0292467848528405,-0.105914318441958,0.0328173833542401
"Platelets",-0.021254146880922,0.11311441957675,-0.00833734668357484,0.0178569735845832,-0.217774828162631,0.0183925138858067,-0.072543590511172,0.137196266981283,0.0413153346436169,0.183364416415213,0.374623017098083,0.0849896419513872,0.0746333489639027,-0.0850276054857692,-0.0428883936463719,-0.0103929171274899,-0.00616927047775023,0.0950382782541105,-0.0110855590487128,-0.0665543743394868,-0.0414359014751736,0.316026959550211,0.048197596539085,-0.060795768341711,-0.0733086579338658,-0.12981063727217,-0.0148289179434941,-0.0977870033087948,0.108447645170612,-0.0158933989891016,0.0323532276376087,0.217853328276436,0.189005909441638
"Preadipocytes",0.280335781412208,-0.167748321167769,0.0133749844128946,-0.0443211872186769,0.0488249124458215,0.0352481892485239,-0.090557699604342,0.293447162476785,-0.0713861781266053,-0.000914402950675166,0.149941956331687,-0.0445226140129665,-0.0277206949465395,-0.00916338145203411,-0.0818483865819051,-0.0269364641349667,0.0641186451883097,-0.0949582529202283,0.00728087491052559,-0.0348718803394922,0.0580349450171021,0.151328451280562,0.0350997418027305,-0.179790141284652,-0.0375623761569228,0.130467994271306,-0.101173104097316,-0.322720725547611,-0.0163868745285389,-0.0868936647235317,0.0862040726082779,0.0659172314026229,0.102853241678045
"pro B-cells",0.30323752934078,-0.334879610300611,-0.0515763223770808,-0.200168312578307,0.0934278808285971,-0.0884186295033283,-0.0225924531521317,-0.177482990602386,0.0313782634966936,0.0551795407384221,-0.474926610160428,0.0286898789160977,-0.0433661295354273,-0.0999616725307941,-0.352284959206689,-0.514318939531599,-0.198019648009294,0.117219833558659,0.0179036990151633,-0.159095011762097,0.0742778999229362,-0.049811923485342,-0.114822679458945,0.098476571021513,-0.0743632082408361,-0.0709295252723676,0.0355565801431523,-0.674935471611556,0.0129748079598611,0.0894446165565772,-0.292151526074501,-0.531827269853279,0.0632937115275367
"Sebocytes",0.0360505483929709,-0.272186744292172,0.33409349561796,-0.0642494451782273,0.117889317889318,0.0938486181633697,0.456401200734573,-0.490585461237635,0.0311818514517943,-0.194451201176711,-0.152447552447552,0.372929979654643,0.278560778687372,0.0159339391331715,0.278546652732116,-0.0689102820217255,0.05191316172436,0.164827217368503,0.105761982955362,0.341268329841935,0.00759211176637756,-0.0799408147031237,-0.000194053021256269,0.134549931324429,0.116732797959259,0.236909114408093,0.113982428903032,0.432811422600896,0.379011092212856,-0.241292132837146,0.0320056499998549,0.67882330818565,-0.0349642105324759
"Skeletal muscle",0.208845843494258,-0.0850021901411823,0.00550583765851909,-0.0561107641704652,-0.296041868362573,-0.000326824051766353,-0.272452295627159,-0.119431867344548,0.0707925321495811,-0.191149726748912,0.161013748137777,0.0163810124041963,0.119454955251331,-0.0236462317779626,0.0970484344723853,-0.041990068338824,-0.0288859179252082,0.132647851246197,-0.0177070517252172,0.036075906336898,0.104342707112249,0.0427411557779862,0.0200523271792848,-0.187168715455773,-0.164647820323117,0.132240873706214,-0.237571306214305,0.231160857741968,-0.0845018088843831,-0.0690538227207041,-0.107809968165909,-0.58634105888262,0.0572898150444513
"Smooth muscle",-0.097670026275023,0.0277586993075719,-0.161696896036716,0.0796679877604431,-0.312483912483912,-0.135843723885438,-0.0924189183614812,-0.0422043938348286,-0.0561950881662151,-0.00509169586201016,-0.0520979020979021,0.0195385091365538,-0.039478416904782,0.0867751773281288,-0.115870300349911,-0.154863966665736,-0.202516401460028,-0.295630248723954,0.0659882768235797,-0.183034400373955,-0.0688578735650426,0.123706076040541,0.0697862748921695,-0.116673529782323,-0.0857362858429826,-0.0577375068643602,-0.224170094029277,0.314495585351166,-0.0976127157659051,0.0439758435528209,0.205482579870009,-0.0792904868620017,0.235688480453179
"Tgd cells",0.0538882124749552,0.0862856022457167,-0.0357555384136972,0.0626652626793714,0.213641283559229,-0.0944355131743415,NA,-0.214300358106775,0.0403504934119378,-0.0482051444294933,0.271634683975155,0.0799717420850266,0.019347377214144,0.0631383732755968,0.0794207421946778,0.123202948637564,-0.045384339263555,-0.0278607417187169,0.0115058272520178,0.0916345367208379,-0.0536643720879666,0.0290108656788891,0.0959217106850044,0.121429701282216,0.0726392102387872,-0.11033558728449,0.00596354316088284,-0.237345912896051,-0.0230879945898499,-0.0360098517384457,0.126641655945568,NA,-0.215977433172264
"Th1 cells",0.19147930948647,-0.497544807495164,-0.0993854892193589,-0.416482758318752,-0.157528957528958,-0.0232458059065562,0.150434010092886,-0.325235794801012,-0.00794779854222492,-0.194763684084056,0.0141171328671329,0.0567628781747698,-0.120620988711123,0.06222829213934,-0.339809464276902,-0.466111913678315,-0.301301047307775,0.0495900170959812,-0.0301776411795319,-0.102168850954796,0.0124262581018325,0.117179269513735,-0.0997462383568187,0.0541199172532667,-0.0543402725386063,-0.333362620968805,0.035484173604617,-0.3688200601005,-0.134529654385162,-0.00583254402908985,-0.282639270315301,-0.125771117091451,-0.00556744442015384
"Th2 cells",0.170584717959243,-0.53006400910265,-0.012346234579791,-0.264751136686537,-0.330861855542099,-0.0445801123440919,0.0932690862575895,-0.430840234644582,0.0108462080919749,-0.0578706483182096,-0.111228948935185,-0.0682450391880285,-0.0928904248187002,-0.134877469052214,-0.315459941345828,-0.612618587000473,-0.324255248289545,-0.0452335240436495,-0.145568177580021,-0.0985456844524833,0.0831648185893203,-0.262782610939657,-0.0589383807021734,-0.0338157570017663,-0.0547138598434966,-0.139689620887969,-0.0882725184532835,-0.501554882230452,-0.102455235668937,0.0901353414540935,-0.232891845333925,-0.113809190194166,0.182620490381009
"Tregs",-0.234936783110771,-0.196627376483675,-0.036213862898121,0.0130515639435482,-0.403787728291037,0.014070140173899,-0.0370548387370012,0.247534873680472,-0.113096653019122,0.0479089797493385,-0.236206961068672,-0.0149000285436853,0.00108417388666671,-0.129321782825371,0.00844530428622878,0.0743605825208059,0.187510706938188,0.19947338398329,-0.0274369693947733,-0.131189436349212,0.0712605395477502,-0.0956366698116972,0.110856183414822,-0.0223229230242024,-0.102088517008804,-0.14768930042803,0.0591796838740562,-0.0745428343286057,0.316278598207895,-0.0761417805560513,-0.0487612569007597,0.188878905254429,0.06489634635868
