"","ACC","BLCA","BRCA","CESC","CHOL","COAD","DLBC","ESCA","GBM","HNSC","KICH","KIRC","KIRP","LAML","LGG","LIHC","LUAD","LUSC","MESO","OV","PAAD","PCPG","PRAD","READ","SARC","SKCMmets","SKCMprimary","STAD","TGCT","THCA","THYM","UCEC","UCS","UVM"
"aDC",-0.213369361537454,0.11749093670817,0.275281052397137,0.275810649881486,0.0532818532818533,-0.20610715968915,-0.0235868513604388,-0.00886393535748231,-0.0810334175905644,0.0920504702939967,0.205356851139087,0.0470380462555854,-0.0808391911911451,0.00707437450757458,-0.00653326867572872,-0.154953369839867,0.0149558763738272,-0.0985277917903035,0.134920669589409,0.137374678774449,0.146733667256368,0.14329401055146,0.299292391983275,-0.100261104303138,-0.0787859802601846,-0.095689244308137,-0.0690516061080677,0.0416107509560889,-0.188361305782867,0.135878899965403,0.0293690357498932,0.0950597570468216,0.144397546117223,-0.105395905303099
"Adipocytes",-0.136916442892368,-0.0373194230712594,0.140371270466962,-0.0231332098672481,0.00875160875160875,-0.0358037126329701,0.112356580619092,-0.0110425901796189,0.00508327407974621,-0.187043406781233,0.0389280629603002,-0.0744726224146293,0.0485414901331135,0.0959401164929362,0.00697485835393944,0.245823842679549,0.145917479130982,-0.00518678120656779,0.306409254979431,-0.135104907016984,0.287767760274397,0.16406764846226,0.119587647699988,-0.0387249963703771,0.260655947654892,0.00227252338855234,0.0184219468153495,0.0813267613488686,0.315208159635461,-0.311471825124354,-0.246349179731933,0.0483293767347285,0.14266911297986,0.110712499649766
"Astrocytes",-0.254426328576681,-0.0856135253395536,0.28893625006128,-0.154804022346808,-0.15902423062058,-0.106650117415281,0.410296611587914,-0.366239026307182,-0.0534720071788932,-0.287697503844561,-0.088966643297179,-0.424681155668101,-0.286878259272856,0.0325598609668685,0.0568288673513479,-0.105938746447383,-0.137242752835428,-0.163986462384982,-0.301279852806066,-0.229250537936489,-0.116167136054805,-0.0559560585280948,0.290745116789223,-0.128619976061943,0.0352502946516719,0.0394901769288703,0.245560070227329,-0.0894925189039532,0.555849273092415,-0.195720509088771,-0.453850926960268,-0.160084804637732,0.065072882321229,0.0806005311328956
"B-cells",0.178726008368558,0.0829186242541208,0.142888104567728,0.24034714505567,0.0178574065849673,-0.128997615783477,-0.0316408981664423,0.204032646171584,-0.0507985583324744,0.183485021735726,0.141392950020761,-0.0897910153988842,0.180393858980977,-0.145370219238777,-0.0562850487415538,-0.195459959894941,-0.0712535408430617,-0.0326993746457726,0.0323080593585762,0.0385050450846362,-0.0225842862741016,-0.101245851907864,-0.005087081480361,-0.197762468022174,-0.0614248637408113,-0.061122869774934,-0.284434876434085,0.131842229307346,-0.382634629802173,0.178936714379556,0.162783079333428,0.0783300624125562,-0.0032304384806983,-0.233999238336875
"Basophils",-0.288534566699124,0.00965858963187866,-0.0546609801754385,0.0678132684429574,0.109395109395109,-0.198613502041225,-0.344022856427864,0.0871242084695329,0.0324629312155211,0.133301831815965,0.0127192263631692,0.00136623548505994,-0.0682825059644166,-0.0707915886697755,-0.00227001007357867,-0.228004889463669,-0.196932421754535,-0.00243352305208243,0.303159521292691,0.14269353569564,-0.165355709089683,0.06743858568563,-0.090173506597485,-0.0803108952846517,-0.189425702164407,-0.116940223134042,-0.160396307239077,-0.0747949567506675,-0.479896347982631,0.0526318232698135,0.324284289987181,0.215756926091144,-0.0845551796028572,-0.0619531448337248
"CD4+ memory T-cells",-0.0296981499513145,0.171738231924332,0.179473315164403,0.15866058995891,-0.076962676962677,-0.0266973386534094,0.0759381555994616,0.106067402806533,0.0147787775970838,0.147881199524798,0.0923524077022755,0.0759857918173016,0.0786564662159987,0.179460174864348,-0.070470494981981,-0.0505679231496793,-0.147229479736615,-0.0172066703246893,-0.131558513746358,0.0436388490825044,0.15668613648249,-0.0261583965404403,0.0582961394871573,-0.000841891569142584,-0.245630254771462,0.00701574630812533,-0.0638618914584319,0.0361803137625125,-0.409932916064687,0.213775460101388,-0.0857712576556046,0.03315478051833,0.0688335213096825,0.144869481828934
"CD4+ naive T-cells",-0.0741107626139992,-0.0574311118027606,0.143416166876738,0.0632712626040525,0.0423129211251444,-0.00617746635817722,0.114544710805344,0.115609573059383,0.0900566056074844,0.0207395342679722,0.0941440258289165,-0.216245038484168,-0.0444870074828209,0.290966301428115,0.0285267295443301,0.0480665042304282,0.067659995308619,-0.00400674379584691,0.0735494686505691,-0.0284323053958967,0.0276390023940343,-0.183810690704558,0.0332784679543927,-0.0351108637294373,0.0505382612957859,-0.0187615354345729,-0.0725894984019886,-0.0229371958498436,-0.284056066797566,0.0881311027530918,-0.0902221905711437,0.0612007806753538,0.163765528548358,-0.13026670895196
"CD4+ T-cells",-0.0320809351460766,-0.140435665918189,0.0335812362856234,0.0599707107495955,-0.317444856408168,-0.0548582532105687,-0.0600237649769523,0.0584305778938359,0.0898383310843427,-0.0475376128569345,0.190204674654603,0.00277679731718562,0.0643181342065588,0.0296963352852036,0.0104970406469513,0.00510246010283311,-0.0866251619676691,0.0359393041087671,-0.110244751045525,-0.125393157024098,-0.109921684484938,0.0174704560858681,0.0484772201321032,-0.0894321867488937,-0.0249443313646952,-0.0626254487756308,0.0826365996668215,0.0269225284334688,-0.0328568912420102,-0.0293136782237021,-0.158974986498715,-0.0758478420740879,-0.0267571160049521,0.00634564417927116
"CD4+ Tcm",-0.114253293422708,-0.0748154372393404,0.0133532401757567,-0.117595413828374,-0.0690033865089435,0.0869597150698987,-0.166861512636646,-0.01513124216313,-0.0483695794945291,0.0426446476477196,-0.321973119369619,-0.100635270504141,-0.175666965484504,0.0116769641690502,0.0376218865431869,-0.0275600638665345,0.103525031033434,-0.0528998335638671,-0.0610713248752307,0.0228054805392841,-0.103697472261228,-0.0854563409712278,-0.125518631686176,0.106534988173115,-0.0127879915283209,0.0943667326460789,-0.0711659556929122,-0.0813659425560851,0.0966632619507682,-0.155267094091613,-0.0101218888958652,-0.0680928577748443,-0.0451302797686802,-0.0800229221696999
"CD4+ Tem",-0.0398771968804166,0.0266781011332261,0.03834988808839,0.00614974136273593,0.181326502498026,-0.13586254946944,-0.00788359987105599,0.170972067197077,0.0597762503431974,0.0347520495180842,0.169805396024694,0.126095498422316,0.254161076905914,-0.0073793309174519,-0.025743476196678,-0.0461512148772802,0.14111894643883,0.00515181961850399,0.145601512644765,0.0823725472307084,0.235059134006028,0.0327153130980181,0.068776372039364,-0.253920316301194,-0.016087201423114,0.0748246563391658,0.176064425771449,0.193125823194878,-0.273092762671725,0.193053845595708,-0.13689493122518,0.0378763586604481,-0.16201083083043,-0.097332642714571
"CD8+ naive T-cells",-0.105270845126372,-0.118684018341958,0.0430636622561608,-0.123757730613518,-0.147012548176333,0.0910241996231993,-0.0608655822910836,0.00814415105024297,-0.163284597933853,0.0434337782195019,-0.410238489536717,-0.0347034590842716,-0.15803819688293,0.0135921623249509,0.165746170507882,0.0920398045056923,-0.258798699591574,-0.17404527447131,0.0266181885436613,-0.206682182789237,-0.109968990394263,-0.0548655728713844,-0.14281449661232,0.132721539594894,-0.195766364774826,0.0336083513112235,-0.0762796160604256,-0.0390843085453643,-0.29554140446935,0.119080730105132,0.0861202107961829,-0.239410393674737,-0.102498376567894,-0.0485365420758045
"CD8+ T-cells",-0.0722656157731724,0.00688301956400417,0.192874073308425,0.129540898168832,0.141364825697423,-0.0885152017764279,0.143707206581405,0.0740465286680989,0.0308055805791145,0.162793818979124,-0.119410467760585,0.0467931767395892,-0.00671591098066659,0.207013261988709,-0.0410040973207659,-0.117789847276637,-0.050317938460708,-0.0884218156835744,-0.0257645811512634,-0.0308354950819405,0.12066907325254,-0.0576167926211051,0.0473989996518806,-0.144946471631336,-0.0777156188291206,-0.038950534621553,0.0489696300634831,0.00271696111515944,-0.326996713008271,0.210547235436526,-0.117098703888335,0.0801724799577498,0.319973102108145,-0.0740989133261362
"CD8+ Tcm",-0.0733675029552205,0.213738568617011,0.196898146521091,0.211062512030655,0.021441628216948,-0.135063467283937,0.0975690241641568,0.191295107856093,-0.0680907296538732,0.223316065756903,0.0400879999293153,0.0755082015359495,0.0576767113799238,0.22947227764231,-0.0598679661471587,-0.000409672042552881,-0.0746391220487219,0.0444811598587287,0.0433165582553154,0.136566783405926,0.203526854865959,0.00571613802020187,0.146107774325676,0.0167603223673787,-0.113722324991812,-0.0652637683914271,-0.00258261836025252,0.103150949488626,-0.31170846095298,0.258751254179202,-0.0750391682096568,0.125704972590666,0.114070962840218,-0.156563702644706
"CD8+ Tem",0.044829245799918,0.114017535937448,0.0992380677370611,0.136965083346297,-0.00143097671378212,-0.185043739401338,0.191916429605912,0.0925995245118402,0.074717441616904,0.0862512252502345,0.190605684039822,-0.0199338059610791,-0.0513819186659437,0.068933371306667,-0.0113412581553874,-0.0367237337520914,-0.0780834908123548,-0.00212743640625204,-0.118913302792766,-0.0329378675074263,0.0331768280558423,-0.153517223054467,0.0327925578234394,-0.0589256692983866,0.00927410393236591,-0.10007022440581,0.0423059652302068,-0.0223501311980215,-0.208682819992658,0.105630443709114,-0.317105402292176,-0.00163694976352994,0.0771063657547014,-0.280709725014252
"cDC",-0.0327409931840312,0.117580421547495,0.23933471312828,0.209144106817929,-0.104382521613922,-0.0941713440876396,0.0936570585726693,0.00459224752703014,-0.122139702687435,0.0949724118896476,0.0336360359624367,0.116273111182844,-0.015842204887694,0.0351249780786316,-0.0183184383803053,-0.0175701505104408,0.0440490604744355,0.0763672018512775,0.0454738876919598,-0.0494006679459204,0.34090259863922,0.13866819131414,0.318006506177911,-0.161723787914975,-0.0245746925904511,-0.0225194999617656,0.187212195576228,-0.0220766310265293,-0.0423427018163045,-0.0387806547252252,0.0491382993875516,0.193504695775151,0.0274099010617782,-0.0661521652522166
"Chondrocytes",0.0963666147265287,-0.085344134019039,0.178137037895184,-0.145656546555289,0.0736985454934619,-0.0999504471970015,0.236564250203282,0.0168939160011894,0.103105492653526,-0.107027047253054,-0.0630033159049027,-0.317934579454341,-0.193931537639544,-0.0613101960258361,0.0177194045359482,0.0281745222558922,0.0953466423074955,-0.0792161224730836,-0.0210323249825263,-0.167780997779089,0.0380193059188324,-0.0523806539615137,0.0939518789177527,-0.13805007049608,0.283344980039161,0.0851227999057185,0.334027969770173,-0.0356384012399921,0.229028397727264,-0.144537204702223,-0.150673931445551,-0.0294357302349993,0.136144367446883,0.102411493170003
"Class-switched memory B-cells",-0.0845931011229494,0.0987519908331187,-0.000673357929921111,0.175056045664716,-0.233264683323616,-0.228052540977397,-0.0120810702090053,0.118787850998937,-0.111468793237412,0.200746883346061,0.167637321221996,-0.00558267134323352,-0.0677448329778201,-0.0648577523181225,-0.156948323461677,-0.17133537187926,-0.0318712283356221,-0.0532307109475187,-0.082345495228554,0.0164138353876837,-0.0408706962832309,-0.0512537291257955,-0.0337078560512134,-0.227577972940951,-0.106941389098003,-0.0730660093435982,-0.0130428596063428,0.0917602485228968,-0.414800592534424,0.0228082212233126,0.23374204839456,0.201896882279113,0.18115178792469,-0.0304715064896935
"Common lymphoid progenitor",0.180574488802337,0.0197118195697826,-0.343321147880809,-0.0126683979873397,-0.313256113256113,0.10620625687258,0.122996800508825,-0.119174143087187,-0.00232754470366419,0.108373393493574,-0.188201357106483,-0.173136137010627,-0.0316834573624114,-0.130275072498873,-0.00926879805616981,-0.134655051162348,-0.209564991812748,-0.00519579168356514,0.0150824088565025,0.0784329902420606,-0.296885008916051,-0.00908153597497132,-0.0504894029054768,0.175943921495654,-0.0881195758770753,0.0188655881903295,-0.123620267228472,-0.10919144102019,0.127853562442918,0.0024372221548602,-0.139303518017376,-0.120159704901667,-0.346690818417304,0.00457478084550034
"Common myeloid progenitor",-0.123040781889027,0.0519192439182012,-0.102986737854587,0.0414497041827673,0.0924537018993397,-0.053279512309344,0.0757320598648023,0.0701866672962852,-0.0611654198351711,-0.0445362467318662,-0.015695305372026,-0.00555202444214191,-0.0253915827581583,0.0539790523400921,-0.0906807520559983,0.0195165801301714,-0.0356189078641607,-0.0497391965221207,0.0224958039753065,0.050768496263856,0.0322663754602406,0.137561403518194,-0.0942678871708646,-0.10213781085719,0.139458157993806,-0.0448347375997867,-0.0260361509612066,-0.0860278016526459,-0.107042524690852,0.0102522122678493,-0.0736707453118452,-0.0281913389653489,0.0349618407800206,0.0811374857723431
"DC",-0.116112826290458,0.0898182334339504,0.296864313102687,0.204996689677895,-0.0373711650507332,-0.235624767020459,0.0339420543967291,0.0168866650040352,-0.0941789578271481,0.0669068855504568,0.0700669017826705,-0.0788031814251858,0.0681543614189488,0.0291914570544657,0.0132692544641886,-0.143325704731604,0.0272291763603753,0.0563945692224631,0.168909757294019,-0.0366960728780527,0.180306617637523,0.0984735671406118,0.158425415645792,-0.184361928952349,-0.079346065967464,-0.0591111166935693,0.143820345706581,0.0119636663948689,0.0575241545032861,0.0161208333323347,0.112512462612164,0.202590182785548,0.120608104551672,-0.114720359824725
"Endothelial cells",-0.123515092502434,-0.1914655864818,0.0511262073557087,-0.0542320066857117,-0.0262565159176819,-0.0860773351167905,0.300761119298474,0.0613786289930532,0.056377165766433,-0.156270853377797,0.0976190736408104,0.0342631585957773,-0.168411867383873,0.156432597623122,0.128190757208473,0.182735049668244,0.0573225850794822,-0.0606093777850491,0.0011616382525672,-0.0213958255443894,0.148984608992227,0.0449033274375823,0.107508937591882,-0.0597892285646047,0.109710597003431,-0.00994230401182105,0.128710447369545,-0.0203634595263749,0.475989426207232,-0.101157548908725,-0.130266343825666,0.0470712568940888,-0.064799466849291,0.0124326351681822
"Eosinophils",0.104535022333602,-0.0492783266511377,0.0186093696147094,-0.0669550534760982,-0.172888004783312,-0.00685998303947495,0.0314899297091367,0.00827685723401751,-0.0328895597725041,-0.00631559575215429,0.287702336790721,0.165566996975087,-0.0298720936946098,0.037533313958483,-0.118071017852748,-0.0091865456963884,0.0945133797891989,0.0928320217982309,0.174219215881176,-0.00995881328710429,0.0147454150545531,0.0175623711854101,0.0831605199954536,-0.0345278310655933,-0.0320181695566702,-0.0765381788342981,0.0498823615370005,0.182534201467517,-0.0948930814604069,-0.20306467229875,0.0550171159157564,0.0339014360063021,0.034846080273304,-0.0797431386855912
"Epithelial cells",0.203042843232717,0.409266956395446,0.360791748619643,0.352141227927797,0.242213642213642,-0.0730530839807557,0.0335968809621861,0.310326086956522,0.015110242488839,0.32364206256825,0.298145740246603,-0.15869135314717,-0.237711942739793,-0.0260661015181971,-0.0111007924363353,-0.136847034326168,0.132773300830795,0.278118949352291,0.158332238246252,0.214543924264807,-0.0704411280968127,0.193025466863922,0.361689352426809,-0.0958801050871746,0.0399490043414141,0.019610853620846,0.539671118012886,0.220121386317401,0.429659093776388,-0.0533868658687616,0.423422589374733,0.421201839715989,0.435140723589226,-0.0595824684248048
"Erythrocytes",-0.0657195911305686,0.0561470895870912,0.0207083694646183,0.031655867960239,0.19367212783195,0.0683245782826433,0.169714253130912,0.135245179220484,-0.0337137109258211,-0.0209272293079656,-0.232290458068668,-0.0652261354301508,0.00127972008119978,0.229089365356983,0.0567761698814028,0.0194868695206779,-0.0965629548957358,0.0127685655333899,-0.0649667282368248,0.0457347909795416,-0.115236961541761,-0.0466224504779315,-0.0318512749526176,0.0294446876160439,-0.114722579172565,0.0193469584806138,-0.0254799167300964,0.0467727888014102,0.191628644498004,-0.0206316721588508,0.0369799071524946,0.0190603101518341,0.0929521288494881,0.0956319858835415
"Fibroblasts",-0.0307757866801026,-0.0428719147144748,0.0449799027288273,-0.125164417493029,-0.178364492869152,-0.106422398637079,0.112928409618611,-0.0749388657032552,-0.0307708441130675,-0.190668323881488,0.00945894317412943,-0.420993782259635,-0.150100020218635,0.137247900838183,0.0468567889426506,0.0133861689525559,0.0719468443240779,-0.0892934288992391,0.228823847328867,-0.175276509398528,0.0693274592055041,0.0452079444440911,0.0140106891417041,-0.0736668642065435,0.317017140704476,0.0700118463479158,-0.0676115825588407,-0.0826468047723077,0.28365524743409,-0.0139395271630523,-0.267495763647351,-0.153559294344077,-0.0533160170278977,-0.0041120054393837
"Granulocyte-macrophage progenitor",0.0347796638244275,-0.0159116383997954,-0.10027443066196,-0.004787561358797,0.169251684500578,0.0599241952006553,0.112342742523587,0.0201201349822462,-0.0391977011003634,0.00703417690825505,0.239815227819691,0.0675188475878001,-0.0998608003358831,0.0498192269302304,-0.055846775834796,0.160618499466455,0.0521850482193415,0.0190101322468531,-0.112642207889134,-0.0565109021524097,0.290936201888942,0.0928154321202133,0.10823769461258,-0.00826010802407395,0.0796117667182451,0.0559648200741937,0.0123226358762699,0.103768121228782,0.0415672283257477,0.0324205036498549,-0.0252724601946572,0.119377821440968,0.303690389283561,-0.106231789124143
"Hepatocytes",0.0238990363715255,-0.0968269787121065,0.0866243141785481,-0.0528698853780026,0.175804375804376,-0.0214334291060643,0.107217584068165,0.203484922515415,-0.151388388930445,0.0984780043178003,0.434359441967817,0.502975605079567,0.464577100680285,0.157090088572448,0.034338690788211,0.339045638548446,0.0815278158597066,-0.0761199357326514,-0.0406696086304474,0.0319530491341951,0.474595158865497,0.21337757319589,0.045299065279433,0.119115133923318,0.265521397807948,0.0892605020926995,0.0440356801054472,0.32299568534762,0.341507054951689,0.145104063404035,0.0532979639214805,0.177010271540881,-0.0479897972487598,0.0421903336553446
"Hematopoietic stem cells",-0.235686465433301,-0.131409597940272,0.0609047669705478,0.00413680280883999,-0.019047619047619,0.233889666145228,0.0547248429005419,-0.0681504485852312,0.212442285089068,-0.10311929247717,0.150001639012877,0.0109798414278598,-0.103627893051051,0.167941720681161,0.141610169337367,0.255016098154257,0.23357901717671,-0.0273225660233318,0.12261422303317,-0.116840948822776,0.323754349820813,0.210109607650581,0.117426174638828,0.181714234535467,0.293559354899025,0.217709881971224,0.198634679057565,0.0137629270807834,0.507611162412588,-0.0928649606427777,-0.0599059962968238,0.0391425921062087,0.175259317512217,0.139784224150949
"iDC",-0.0046997518924536,0.0143099438609278,0.2568619209711,0.0653384190878104,0.0918918918918919,-0.200232491648358,-0.00563783276420246,0.0634345525649874,-0.0423317188111948,0.0262796251185005,-0.12226969263943,-0.251548715217698,0.0671339554473152,-0.186054057314245,0.0642396590224844,-0.133325539047138,-0.0390409545839912,0.116335138487964,0.163583220916394,-0.0951767270341447,0.20026704870068,0.0345204770516689,0.0122113953020655,-0.114822665392883,-0.0362630355064079,0.0278295899344853,0.23722266463937,-0.0685016356788952,0.241282825026862,-0.0643746887931678,0.32461900014243,0.220236553451588,0.176079563928031,-0.13607791312295
"Keratinocytes",0.0181589610629289,0.378247295151932,0.510413895636854,0.361511289178961,0.322779922779923,-0.150066076856601,0.236989357113805,-0.0193869335173683,-0.102459115911991,0.236650738602954,0.106973491553574,-0.165457925450759,-0.231642194293942,0.110219149595669,0.051203417166805,-0.0506337622052092,0.00262504339048622,0.303595009184818,-0.0118147110078176,0.14986371623498,-0.143362303284223,0.0927243001358427,0.376286611782411,-0.149277525674707,-0.0353594643460862,-0.0199546996109453,0.560648157479667,0.122963473138787,0.411085577079649,-0.117097362180238,0.604123344252956,0.382420956526445,0.419767881420254,-0.0751138658056436
"Lymphatic endothelial cells",-0.202190847127556,-0.180638218531573,0.0478796609170533,-0.11698978950964,-0.118929680627608,-0.182868235734383,0.323922904467995,-0.00516266726669053,0.0609023774957302,-0.165878931411678,0.103759875004828,0.0421064348819693,-0.189688197766039,-0.00946372577483888,0.122037183531468,0.175549674550932,0.0942005996779409,-0.0223858640903769,0.00583038099568338,0.00101483875611574,0.127379485822787,0.0704767117891229,0.123506141579413,-0.128145970190992,0.137050243681981,-0.0404311806920773,0.173035168376782,-0.0607893354323294,0.426738821450168,-0.129012180395608,0.0501424298532973,-0.0130326999854024,-0.148609716093584,-0.0437425153157887
"Macrophages",0.116942551119766,0.148667451386564,0.0534557090432035,0.14785497872063,-0.191040171110511,-0.208345303613273,0.0719111321964599,0.0298114341414722,-0.0472549678015582,0.0618003055102567,0.134813535995111,0.0379599692803021,0.295591839123436,0.0821775104694949,-0.0553168340398158,0.000271315112978806,0.0183637271283223,-0.00689734410017755,-0.0272843326151759,0.127629898173855,-0.0355607109566073,0.000218131170244959,0.0845371741741324,-0.0449888780495336,-0.308149092576552,-0.165007797320659,-0.151471585568692,0.0390102807053994,-0.0772247976864411,0.236486933538176,0.0139680784462824,0.120013063944529,0.117306025987595,-0.108705366588217
"Macrophages M1",-0.0429162609542356,0.101383653731444,0.216635520840638,0.201897066005214,-0.041956241956242,-0.210310516929881,0.0585644260607969,0.0474437757184378,-0.00679123542757819,0.0670548923127453,0.0845944558011142,-0.0741300518797921,0.125470541874881,-0.0738793060614882,-0.040947090248118,-0.157413383472774,-0.0287878587728323,-0.00442226515364468,-0.0435283797242456,0.178895332425283,0.0335866761309534,0.047714736678921,0.262777610859419,-0.0578218294721758,-0.237422484101605,-0.15867824136919,-0.0627776348163088,0.0444534160583288,0.0475880508162671,0.182231820038675,0.0390732564767921,0.128824333166789,0.258757988994839,-0.0879427850884225
"Macrophages M2",0.128724440116845,0.000200453356761476,-0.11917468152438,-0.109788222572561,0.0483912483912484,-0.151214470163382,0.0204802904495518,0.219853877095885,-0.0373432502675991,-0.010491682049399,0.0920683136889936,0.21805556414769,0.401756828986975,-0.229038188934755,-0.0466676536325758,0.125646385699068,0.157143051923073,-0.0175456978812108,0.155385643654375,0.0679656275012609,0.0140341233704403,0.0194771547770182,-0.117342079407538,-0.0378210219291045,-0.227123939692221,-0.180191895059867,-0.170853528184283,0.200952831825741,-0.13319866082076,0.171003999928952,-0.103693759662487,0.0116877454207901,-0.106968239563138,-0.188904574104312
"Mast cells",-0.00136319376825706,0.0253927406824858,-0.297270933388342,0.0290084611215145,0.0718192935395416,-0.172420015331623,0.0349775747003581,0.0572722567287785,0.0467075614695639,0.126181250312716,0.239666080281793,0.144161699449055,0.011256224153937,0.279984537773615,-0.113573212528962,-0.0881281371252297,0.0259392842229568,0.0297050734693303,-0.0300231545114725,-0.0166785447410637,-0.00235096692523048,-0.0926167704592183,-0.0888052397883356,-0.117003105096648,-0.152207259002656,-0.0541483639984607,0.00678313022905235,0.0666624038372537,-0.525202888772734,0.0072612024265128,0.18147375992366,-0.0564865076657025,-0.28900516874579,0.14388931547943
"Megakaryocytes",0.0280877054300668,-0.0109183545506583,0.254575689839175,-0.0205560919833233,0.218032048845848,-0.0301280035061939,-0.100560527263529,0.24703434774558,0.1388634992184,0.0396119243709689,0.289491799534322,-0.0320589310109514,0.105915159564996,0.172123595783945,0.130647295533374,0.254585303442415,0.213763791872092,0.0764389368288217,0.0774331059577109,0.0577829781831491,0.346351777150673,0.169250148860937,0.099375252278942,-0.0122522092190112,0.351063030475753,0.0424514339253297,0.137398669061171,0.102401581958412,-0.0251291978415976,0.169556284182655,-0.0531586630750817,0.130398447399413,0.226980622672769,0.107970933951357
"Melanocytes",0.23103700097371,0.139413459043411,0.134912018075062,0.144976112830167,-0.0751802290623575,-0.0710244426243251,0.0333667653391574,0.140686018069647,0.153156542901463,0.111779939724849,0.286869393257873,-0.150247144164161,0.149050150906848,0.104052649195227,0.0447583071189318,0.0409267154464632,0.258954429891729,0.171713615183058,0.0574518605133613,0.428315038136652,-0.0116089322364421,0.0165638278292183,-0.0278446948842956,-0.13522712007597,-0.00666335207127465,-0.0788802715566508,-0.26950025029982,-0.0146827851284251,0.121120002852732,0.118796687546313,-0.000828815530362713,0.289434229671705,0.0530174851167986,-0.11602160977523
"Memory B-cells",0.237226505521514,0.0418818332392822,0.244701324807859,0.238737625867889,0.180316343318431,0.0192790601250004,0.0685744556625441,0.14507170139707,-0.0311466813281434,0.0737843784229132,-0.225064951738863,-0.0522777914382882,0.072220614428647,-0.168775506704707,0.061180668344219,-0.127995356831339,-0.0149449295235205,-0.000963558700603133,-0.0318384965114278,-0.0277904599016661,-0.0106451489029489,-0.0329858159193519,-0.0671489333814666,-0.0311442824995381,-0.0894594743881638,-0.0383475580066414,0.0965111867798197,0.150085227317223,-0.0693764497328548,0.10890077986177,0.305395043499848,0.0644723576021414,0.022123156510179,0.0754299877881316
"Megakaryocyte-erythroid progenitor",-0.125876338851022,-0.19351270471837,-0.0176277735770088,-0.199841532902212,-0.136936936936937,0.229510262738135,-0.0799651790024634,-0.0138630089717046,-0.13426617641519,-0.0371061644246577,-0.319387231085839,0.122253868369942,0.186039910942856,0.0379284894363716,0.0233459685748808,0.00424257379545195,-0.165344697598766,-0.0805586277643915,0.0706143838572759,-0.144570196207209,-0.126947680961202,0.213576232630834,-0.180003051772864,0.188888225459756,-0.0835369490566625,-0.060393995630101,-0.217983640488898,0.0133859281448556,-0.187932367405318,-0.0864277383930599,0.146218487394958,-0.262573025481303,-0.139407713754356,0.103448301477712
"Mesangial cells",-0.455760925119515,0.0826827337447783,0.250334934853164,-0.0470395270760898,0.204890604890605,-0.171570345115203,0.267996367271535,-0.114691166321601,-0.0492249165877775,-0.189070068936702,0.189993334728723,-0.278667077718872,-0.334948900650648,-0.168075674840995,0.10736795294837,-0.11820174106933,-0.139706943742948,-0.0286007028168707,-0.206988825865978,-0.258159946611529,0.113402641921019,0.0429356626856309,0.302814193038221,-0.134971339861476,0.13535204460958,-0.0689418820893196,0.180052104103831,0.0500341931268952,0.432648564858479,-0.043109963110607,-0.37644991739811,-0.00420457343228841,0.236230967754377,-0.037195208872871
"Monocytes",-0.138152329794234,0.0983547202830026,0.0910805530180723,0.180147836828096,-0.0530928275893174,-0.189764694772426,0.251861549404881,-0.0171067895861994,-0.106723272694661,0.140625472686118,0.116324067818936,-0.0170810766804883,0.0666136781048988,-0.0374186930911331,-0.0602284402632858,-0.116734649144661,-0.0599839367654174,0.11674886058648,0.0613876769096429,-0.0385918251533075,-0.0182065157092499,0.0295928454406084,0.17270540136013,-0.132777739026142,-0.191587203701597,-0.111989922084677,0.133476472977218,-0.0213993890256042,-0.0225184154593464,0.170265934486348,-0.230040888279049,-0.00432728948457271,-0.104111375384734,0.0307192978000332
"Multipotent progenitors",0.147079517317256,-0.0201858829673767,0.00418884010731719,-0.0606581692940266,-0.0578310650580369,-0.0483037529600272,-0.00524390243902439,0.111590713404285,-0.10425449258694,-0.0103730410824699,0.160475190475768,0.0273618170363604,0.0940280878554076,-0.102989119767824,0.0348183177751266,0.0971644020581251,-0.0177860445824637,-0.00682581415916103,0.0558796948197177,-0.0896344037217539,0.122805143867107,0.00792845577121315,-0.0154872098118732,-0.0500510729150569,0.122142342360519,0.0728530959734323,-0.0904311101259463,-0.0148404685086845,-0.0591482127052397,-0.0531131960252233,-0.0753053230393581,0.0194961655317629,-0.0335080027237978,0.125180345321559
"Mesenchymal stem cells",-0.311441090555015,-0.160587907412621,-0.250369125729248,-0.140497954023185,-0.120978120978121,-0.209618146172003,0.00230115623028672,-0.461016218081435,-0.109910693950709,-0.218129864519458,-0.453916673067668,-0.213192890890277,-0.00376664295560405,-0.158084329795644,-0.131115104491437,-0.0624252679573196,-0.129616462747214,-0.188939093923706,-0.00297492723218428,-0.196196446235947,-0.0153563823341009,0.145637618453691,-0.166220010760109,-0.082669572486267,-0.28326401162751,-0.13808748162319,-0.049152958272436,-0.203418968598073,-0.146861517755002,-0.0635501870721082,0.046474861130893,-0.17305636059665,-0.217741246464574,-0.0419892198741735
"Microvascular endothelial cells",-0.255793573515093,-0.247591977373931,0.0376644028033248,-0.0651295500559547,-0.0754182754182754,-0.162147339298075,0.172356601648475,0.0320364619277663,0.00270692423686056,-0.119975423901696,0.0335449469529089,0.0134698924578859,-0.223226091010292,-0.0168181839481907,0.0768974652082048,0.0766120909504655,0.0536383982420376,-0.0590547033423193,0.0432261648943094,0.00309432708331877,0.0749467633870605,0.0630238380004131,0.0604583956762281,-0.0687723907332219,0.0477405347631876,-0.0304111734825162,0.0579426029694644,-0.0394621657712255,0.340709244646053,-0.0899366135844676,0.0790414470873095,-0.050124607343896,-0.105264956696106,-0.0574478209339948
"Myocytes",-0.10014605647517,-0.204752205835844,-0.0874478968135663,-0.139439666472068,0.167546718572394,0.0359725981964431,-0.147420447207134,-0.0982769119746882,-0.0559661268698436,-0.0736783334162696,0.260823007495793,0.107013531181709,0.100743523041135,0.141042722803185,0.119594687628447,0.0881479323665094,0.11523143930078,-0.0125519746915016,0.181942771835017,-0.171799683299119,0.0191657128598959,0.228343058003204,-0.291009330490289,-0.0627932816842043,0.112807336896823,0.0561431747351519,0.0113424714071528,-0.197820818585667,-0.00489236788911887,-0.123950367339959,-0.130949657105078,-0.140558904844945,-0.0240263845965462,0.162226109129864
"naive B-cells",0.226166020322181,-0.0492009152720824,0.128730428161086,0.0494983487900584,0.132578700167064,-0.0446163932531455,-0.094577521064784,0.110755643286012,-0.0926874096558819,-0.0271371611912631,0.142185026674741,-0.161683233915306,0.113657110580194,-0.0577010634582146,-0.123405022541469,-0.106186092091225,-0.0514196894264508,-0.0753499326286589,0.100061822691019,-0.12508265684235,-0.0234645580852092,0.0201256676188135,0.0293281031780987,0.0111693327166043,-0.0989320101991427,-0.00995584001841788,0.00804114571224872,0.0542350760914563,-0.467333571559885,-0.003651603262098,0.120346406062953,-0.00328893813648237,-0.0151665113698483,-0.0800114986745461
"Neurons",0.334177215189873,-0.389335545712505,-0.357086480957978,-0.276099975845399,-0.175546975546976,0.0603661394132998,-0.194792874893771,-0.258017023234414,-0.0901521977218067,-0.285763959500693,-0.195347414209806,-0.245051167153235,-0.249923642340724,0.134218642244537,-0.0508967888092139,-0.0249226915003432,-0.0396192052314025,-0.26656993582556,0.151891284683238,-0.309652497187832,0.166160990980073,-0.0801164910644951,-0.0318822950647827,-0.128528779555768,0.216670548367957,0.103686297693251,0.0211464940350564,-0.154742266829424,0.0632060649940655,-0.0861349606017518,0.353667568722404,-0.307920934013625,0.0154479741644934,-0.00457424462316415
"Neutrophils",0.0113307785582559,0.078394417237339,0.0234192820518364,0.0736661001950806,0.321790428368653,0.0750768251614533,0.184773004364601,0.169172954859691,-0.141388899955566,0.101964468827982,0.131594046879356,0.19579019614935,-0.0983247855426564,0.0191141143991661,0.0328732451250553,0.159020091161239,0.00861407032816232,0.205113161541645,-0.000479187237624389,-0.0170995054874698,-0.0691093791722474,0.0580079108459023,-0.0458863189828705,-0.0189912666631582,0.144596235929908,-0.0310703601700959,0.100478550733112,0.0755812096904749,-0.0740623780967152,-0.00954171734689663,0.0846664749897392,0.0376111872342928,-0.0794725808605838,-0.123335839894957
"NK cells",-0.0372696725081554,0.103937807385988,0.0652292351112566,0.14411929359129,0.0674766982887326,0.027721294129613,-0.0861831884431349,0.0403260506580742,-0.104104797164949,0.0417876840493092,0.0194785156748117,-0.000280151915045849,-0.141260511065067,-0.098540238107761,0.00933239139796367,-0.016395128929741,-0.0765965477201641,-0.0109918428564231,-0.0922823476274208,-0.0671177990842801,0.0514589788730265,0.126551808677505,-0.0380777147703949,-0.0162066415454169,-0.00277928924225931,-0.0315102798539051,-0.0849274548471723,-0.0181630297975758,-0.262611041419894,0.0217517981768498,0.0745619992861866,0.0210221130407512,0.118482871637115,-0.0674229012944759
"NKT",0.12373417721519,-0.0971129083131468,-0.00555857067404735,0.0588703132608343,-0.142857142857143,0.0457147586515269,0.0957280991799274,0.0675782148608235,-0.0089889024532112,-0.00821187284749139,-0.197467192616602,-0.243399359619396,-0.163322000249167,-0.254615523452745,-0.125235664067024,-0.409692376713492,-0.0157710028393527,-0.150927022449126,0.257798694148998,-0.0720747660381878,-0.0179684389120687,-0.144267141788692,0.0836936216933016,-0.112688082159064,0.0692175537904495,0.0160030388709371,-0.274337490657654,0.0907722141348903,0.147405172210267,-0.133336498413188,-0.0562313060817548,-0.0316574834148729,-0.208103351078762,-0.0803425017145498
"Osteoblast",0.117515320811091,-0.0813920345049579,-0.220841646341413,-0.146586535512718,0.0777398804621561,0.181865890900828,-0.111487524194414,0.157119785819313,-0.016382852292392,0.0425343112750287,-0.051858084116777,0.397160227089032,0.188337808803992,0.0749868427999542,0.0195540990644072,-0.045207132000447,-0.00704747942921914,-0.0271993879445003,0.0468757108120764,-0.00103423568247837,-0.166207494226048,-0.176181797914444,-0.193415052963533,0.0175019333800173,0.10861838450473,0.0463216101655113,-0.289819842834771,-0.0102874632818071,0.0658852852085561,0.0823605129227871,-0.488826092924706,-0.0269924126016539,-0.0326174710818022,-0.0391039271118699
"pDC",-0.334035053627333,0.146180990449645,0.140533755817822,0.220163383049704,-0.150202716058504,0.128067642923784,-0.0601752354219976,0.31574240549698,0.0110563515809599,0.191778880866513,0.160367153011917,0.0312431843860081,0.158402976637816,-0.198735275208409,-0.0444053100601379,0.0467469324365049,-0.218475888161968,-0.0294258204124554,0.118638619711652,0.129363662108329,-0.184706077124794,0.0959942355616174,-0.0095600486707001,0.217019942679723,-0.208863421461651,-0.133956540011261,-0.229554100748176,0.186166393694574,-0.34787219313408,0.185829989584286,0.0832935713849022,0.0737080016932722,0.038488561145262,-0.137934929567636
"Pericytes",-0.262853885479068,-0.11995340897343,0.142831709240572,-0.0485187532542585,-0.248453814544185,-0.108168095643556,0.0603137812451422,-0.0856661528118533,-0.122276770054172,-0.161673756995401,-0.0378579507578873,0.0960456043467324,-0.222377826240446,-0.173962066907842,-0.0105247563147305,0.184881948306257,-0.105728179063451,-0.126686532083227,-0.0276252524887474,-0.120628097772672,-0.124008347295333,-0.223997388265148,0.08551729476765,-0.0923311852915993,0.162759968222696,0.000110442408299843,0.0766682734868591,-0.124661260911657,0.271502413583518,-0.0424263322468871,-0.0384625123060441,-0.058362871079491,0.0929127427709236,-0.241481312477951
"Plasma cells",0.316796494644596,-0.0589032026134694,0.172744096963424,0.155674932691521,-0.0561132561132561,-0.0476011333296072,-0.311116322334764,0.322522159846727,-0.0172330116195535,0.105119164776795,-0.19307466210355,0.108685782590751,0.072732214056758,0.0326493027484101,0.0395496414953951,-0.216813793696548,0.0510519340489629,0.0204845786181816,0.174577108873038,-0.0826986549672048,-0.0612970976159489,0.0136473160371461,-0.170454747548657,0.0258359207069501,-0.00279580629236806,0.0267476205073141,-0.326645648890767,0.172772531996208,-0.0628823368758133,0.306908386755716,0.444751459905996,-0.0303820903638103,-0.438045762978567,-0.210907863624968
"Platelets",0.0248754354814079,0.0126522177630443,-0.0274929670170618,0.00979694359818846,-0.00158189947817892,0.000422420350832779,-0.00620754589055757,0.202248222039768,-0.0303043158309604,-0.0416730654219103,-0.0963120800386372,-0.0799263084822966,0.245509052507575,0.154887162980896,-0.0380029335259758,0.0181231355443257,-0.0214617256015511,-0.0439462566749041,0.12896042639244,-0.011686266675459,-0.0105633975225362,-0.0145235320405628,-0.164437255578427,0.00636266131141237,0.106601223892657,0.0715747639043016,-0.048157450332542,0.083051095207824,-0.0890207021318276,0.206610964068257,-0.00343670312956785,0.0269114680740622,0.223479592330531,-0.00817550145426381
"Preadipocytes",0.135984557115793,-0.0455850435415351,0.101365209957669,-0.13183027133353,0.0563165656782491,-0.0736082162445898,0.0278907658937074,0.15926374542175,-0.0554352233647499,-0.000656442468304656,0.123746250243824,-0.072580865882272,0.0518399615341566,0.076798143169412,0.0629562333867321,0.244157824866891,0.036677311444887,-0.0450119187062241,0.136144759049828,0.0350564211262127,0.0469739355742004,-0.0315536546388048,-0.179779856446923,0.0800872281290901,0.0713723960950176,0.0844547805631787,0.203317770905279,0.0222889704418432,-0.341465363729941,0.213887942013908,-0.055201053552725,-0.0289686253253357,-0.11525522769897,0.127647701705392
"pro B-cells",-0.252017289246021,-0.105982035938301,0.201490918929584,-0.0816592487549014,0.13160132244139,-0.123060193062781,-0.0379690777997308,-0.0884496155956544,0.00202270854864341,-0.0313014744781195,-0.0202206546662636,-0.112379658893977,-0.185084006029803,-0.0442165100497894,0.0345289772165184,-0.285618873706868,-0.242772937239767,-0.0805527526227055,-0.0608835409322335,-0.0226679417037425,-0.200120274491302,0.130423690350294,-0.105670841725466,-0.118868044270876,-0.208588592253802,-0.066809489657003,-0.188926325435455,-0.0243175491610716,-0.407990423494236,0.0327794962642898,-0.142799152549917,-0.160252583363105,-0.255335873856041,-0.195282924307846
"Sebocytes",-0.0230180035176373,0.362866374299115,0.515254820937653,0.32149343493452,0.281338481338481,-0.00283077123165756,0.173266961851004,-0.0340493443754313,-0.0691298783760195,0.284851475405902,0.46405664400327,-0.27818155222917,-0.275027227533768,-0.182564605827026,0.0453186447394859,-0.021029682583339,0.19045576942033,0.283651310923969,0.209709207765687,0.23199761036647,0.0314096016343207,-0.0558920489343292,0.390158252652511,0.0510478863147839,-0.0410933621290275,0.0681582196507827,0.551112102981655,0.136098909748484,0.269179118173411,-0.0543284692205906,0.615645919384703,0.469451411910635,0.416531608673172,-0.0468073647748381
"Skeletal muscle",-0.0182761765394694,-0.0384609648466132,0.0750312765530089,0.0238704240235184,-0.133602314685907,-0.0370970329043239,0.0774521608211533,-0.180069365957812,0.070644398242522,-0.0672274776496902,-0.0820292642949843,-0.17106753136097,0.000840110941479418,0.0974377060489394,0.0159281520565526,0.0849633047320966,-0.0896297733922341,-0.0284341716567297,0.00529374404682546,-0.121598366010954,0.129113292739672,0.0345938472531558,-0.092150571140233,0.00630448420444044,-0.00615539421481363,-0.100469100523072,0.0883138556882126,-0.162378687241122,0.105776100874761,0.024576133606549,-0.0521838097092905,-0.120949478639122,-0.127936461906466,0.263247652615518
"Smooth muscle",0.334664070107108,0.081587621113894,-0.245884893044228,-0.185707286798677,-0.108880308880309,0.211578531674063,-0.0348144373867801,-0.0737060041407867,0.161181616270337,0.0605016558147825,0.186890153968258,0.169844210502389,0.125894690731386,0.0270743463418469,0.144617414906296,0.136170685387858,0.110200904936111,0.109910060357373,-0.199811223654993,0.0596570217729566,0.0548207267879711,-0.0522770877546943,-0.0511003511121818,0.126343759022961,0.147435712310362,0.0898148324667394,-0.139248089270359,-0.0700995514608687,0.235484969072622,0.19876163958314,0.0609461682551294,0.0215843772033933,-0.0754968471888628,0.135726048151937
"Tgd cells",-0.119285898699264,0.0319271857138186,-0.147969788159977,0.139638832759318,0.0803415225960342,0.0396224363695441,NA,-0.0476891348771802,0.0285671098556032,-0.0361975327861933,-0.130744620383447,-0.0397508635952133,-0.0262471531160686,0.132145627804143,-0.0328250679372362,0.162627745334606,-0.00663658753520023,-0.0183474009763947,-0.0860458673913583,-0.0624221422819655,0.127664397090156,-0.127085116034541,0.0599795596863472,0.071155842231578,0.0140592223278809,-0.0286534516552422,0.134575511464347,-0.0778875985480293,-0.138209511705284,-0.0412195107934056,0.14007055683074,-0.0485469005387294,NA,0.10509068990675
"Th1 cells",-0.315506329113924,-0.0476706299369566,0.0297345448976342,-0.0653952280473949,-0.0527670527670528,-0.131570603080971,-0.00828416242903218,-0.059635955831608,-0.0529866748030925,0.0588826035304141,-0.357718069493267,-0.125520989870427,-0.00262278512552797,-0.121823458431663,0.0529372016484159,-0.183963973638069,-0.287237039124864,-0.108743564663502,0.147792496052228,0.0619074118248043,-0.391908034833192,-0.169099583099047,-0.173393631035615,-0.00698292333412945,-0.257910876812317,-0.173431638955524,-0.323908210597357,-0.0750967658321424,-0.166570238672267,0.112646693921925,-0.147856430707876,-0.210090798909255,-0.12789008699897,-0.206403991996007
"Th2 cells",-0.289464819313462,0.0595666368721844,0.29904856242499,-0.0293441768680751,-0.0940344221014386,-0.100292119360761,0.140715703482033,-0.234886128364389,0.0505129638886506,0.0525651188761056,-0.211909557400424,-0.0047873212196192,-0.0196204805884664,0.000782888518065716,-0.0156198628945836,-0.203949406316368,-0.222912147653936,-0.00601474485644144,-0.47062735646569,0.0162943689121839,-0.110771854933683,0.0366555447815633,-0.00583254374608246,-0.0199098399808932,-0.127866150957599,-0.118983856226594,-0.17080495943763,-0.0451795433060804,-0.525372203836448,0.235063434055679,-0.256381876776423,-0.0614234705969785,-0.276867342271153,0.0620918007274151
"Tregs",-0.0387800371891385,0.0717166277321095,0.0351243467262278,0.100245250649997,-0.127994108066895,-0.0763048590137687,-0.0183952383133001,0.0893099553315106,0.0618804850693222,0.0986869014489891,0.287616630312117,0.0356353184639996,-0.071826001744114,-0.033649640925565,-0.0680006896261015,-0.101756052969531,0.0135145361240937,-0.0755225884581067,0.0544441847298575,-0.0721790256260661,0.0922292170056415,0.0164426856657933,0.0841152175511578,-0.0147011670677933,-0.0223632228299274,-0.0269134513137344,-0.099730922991339,0.10748451590104,-0.0719030133479267,0.188759466900811,0.138043151536967,0.00426525834487605,0.1000413350928,-0.15421685104314
