"","HLA.group","HLA.type","Freq.by.allele","Total.by.allele","Frac.by.allele"
"6","A","A*02:01",4048,19118,0.211737629459148
"397","C","C*07:01",2636,19118,0.137880531436343
"398","C","C*07:02",2384,19118,0.124699236321791
"1","A","A*01:01",2324,19118,0.121560832723088
"36","A","A*03:01",2303,19118,0.120462391463542
"373","C","C*04:01",2212,19118,0.115702479338843
"126","B","B*07:02",2076,19118,0.108588764515117
"143","B","B*08:01",1661,19118,0.0868814729574223
"53","A","A*24:02",1626,19118,0.0850507375248457
"388","C","C*06:02",1549,19118,0.0810231195731771
"274","B","B*44:02",1340,19118,0.0700910137043624
"385","C","C*05:01",1312,19118,0.0686264253583011
"43","A","A*11:01",1232,19118,0.0644418872266974
"359","C","C*03:04",1205,19118,0.0630296056072811
"211","B","B*35:01",1116,19118,0.058374306935872
"427","C","C*12:03",1016,19118,0.0531436342713673
"301","B","B*51:01",980,19118,0.0512605921121456
"153","B","B*15:01",915,19118,0.0478606548802176
"358","C","C*03:03",895,19118,0.0468145203473167
"193","B","B*18:01",877,19118,0.0458729992677058
"275","B","B*44:03",860,19118,0.04498378491474
"253","B","B*40:01",823,19118,0.0430484360288733
"346","C","C*01:02",789,19118,0.0412700073229417
"351","C","C*02:02",742,19118,0.0388115911706245
"444","C","C*16:01",657,19118,0.0343655194057956
"109","A","A*68:01",639,19118,0.0334239983261847
"420","C","C*08:02",617,19118,0.0322732503399937
"91","A","A*32:01",599,19118,0.0313317292603829
"67","A","A*26:01",594,19118,0.0310701956271577
"204","B","B*27:05",579,19118,0.030285594727482
"49","A","A*23:01",544,19118,0.0284548592949053
"87","A","A*31:01",537,19118,0.02808871220839
"332","B","B*57:01",533,19118,0.0278794853018098
"78","A","A*29:02",506,19118,0.0264672036823936
"151","B","B*14:02",495,19118,0.025891829689298
"436","C","C*15:02",437,19118,0.0228580395438853
"149","B","B*13:02",433,19118,0.0226488126373052
"238","B","B*38:01",427,19118,0.0223349722774349
"66","A","A*25:01",404,19118,0.0211319175645988
"80","A","A*30:01",397,19118,0.0207657704780835
"15","A","A*02:13",352,19118,0.0184119677790564
"296","B","B*49:01",339,19118,0.0177319803326708
"97","A","A*33:03",339,19118,0.0177319803326708
"213","B","B*35:03",317,19118,0.0165812323464798
"448","C","C*17:01",314,19118,0.0164243121665446
"433","C","C*14:02",306,19118,0.0160058583533842
"400","C","C*07:04",303,19118,0.0158489381734491
"315","B","B*52:01",303,19118,0.0158489381734491
"81","A","A*30:02",280,19118,0.014645883460613
"426","C","C*12:02",278,19118,0.0145412700073229
"322","B","B*55:01",277,19118,0.0144889632806779
"110","A","A*68:02",273,19118,0.0142797363740977
"316","B","B*53:01",267,19118,0.0139658960142274
"254","B","B*40:02",255,19118,0.0133382152944869
"240","B","B*39:01",252,19118,0.0131812951145517
"336","B","B*58:01",232,19118,0.0121351605816508
"236","B","B*37:01",232,19118,0.0121351605816508
"212","B","B*35:02",206,19118,0.0107751856888796
"299","B","B*50:01",197,19118,0.0103044251490742
"10","A","A*02:05",178,19118,0.00931059734281829
"150","B","B*14:01",177,19118,0.00925829061617324
"96","A","A*33:01",175,19118,0.00915367716288315
"286","B","B*45:01",174,19118,0.0091013704362381
"419","C","C*08:01",167,19118,0.00873522334972277
"357","C","C*03:02",163,19118,0.00852599644314259
"354","C","C*02:10",145,19118,0.00758447536353175
"155","B","B*15:03",144,19118,0.0075321686368867
"439","C","C*15:05",136,19118,0.00711371482372633
"120","A","A*74:01",128,19118,0.00669526101056596
"269","B","B*41:01",126,19118,0.00659064755727587
"77","A","A*29:01",126,19118,0.00659064755727587
"327","B","B*56:01",124,19118,0.00648603410398577
"288","B","B*46:01",124,19118,0.00648603410398577
"272","B","B*42:01",121,19118,0.00632911392405063
"128","B","B*07:05",119,19118,0.00622450047076054
"154","B","B*15:02",111,19118,0.00580604665760017
"445","C","C*16:02",104,19118,0.00543989957108484
"35","A","A*02:74",103,19118,0.0053875928444398
"217","B","B*35:08",99,19118,0.00517836593785961
"244","B","B*39:06",93,19118,0.00486452557798933
"54","A","A*24:03",92,19118,0.00481221885134428
"11","A","A*02:06",91,19118,0.00475991212469924
"8","A","A*02:03",90,19118,0.00470760539805419
"201","B","B*27:02",89,19118,0.00465529867140914
"106","A","A*66:01",89,19118,0.00465529867140914
"104","A","A*36:01",88,19118,0.0046029919447641
"161","B","B*15:10",86,19118,0.004498378491474
"169","B","B*15:17",79,19118,0.00413223140495868
"7","A","A*02:02",79,19118,0.00413223140495868
"334","B","B*57:03",74,19118,0.00387069777173344
"337","B","B*58:02",73,19118,0.0038183910450884
"270","B","B*41:02",73,19118,0.0038183910450884
"102","A","A*34:02",73,19118,0.0038183910450884
"12","A","A*02:07",73,19118,0.0038183910450884
"148","B","B*13:01",63,19118,0.00329532377863793
"449","C","C*18:01",60,19118,0.00313840359870279
"381","C","C*04:14",60,19118,0.00313840359870279
"39","A","A*03:10",59,19118,0.00308609687205775
"83","A","A*30:04",57,19118,0.00298148341876765
"37","A","A*03:02",57,19118,0.00298148341876765
"170","B","B*15:18",54,19118,0.00282456323883251
"402","C","C*07:06",53,19118,0.00277225651218747
"239","B","B*38:02",52,19118,0.00271994978554242
"277","B","B*44:05",50,19118,0.00261533633225233
"168","B","B*15:16",49,19118,0.00256302960560728
"292","B","B*48:01",46,19118,0.00240610942567214
"374","C","C*04:03",43,19118,0.002249189245737
"56","A","A*24:07",43,19118,0.002249189245737
"41","A","A*03:25",41,19118,0.00214457579244691
"321","B","B*54:01",40,19118,0.00209226906580186
"258","B","B*40:06",40,19118,0.00209226906580186
"389","C","C*06:03",38,19118,0.00198765561251177
"215","B","B*35:05",36,19118,0.00188304215922168
"422","C","C*08:04",35,19118,0.00183073543257663
"290","B","B*47:01",35,19118,0.00183073543257663
"175","B","B*15:25",34,19118,0.00177842870593158
"343","B","B*81:01",33,19118,0.00172612197928654
"446","C","C*16:04",32,19118,0.00167381525264149
"323","B","B*55:02",30,19118,0.0015692017993514
"86","A","A*30:11",30,19118,0.0015692017993514
"44","A","A*11:02",30,19118,0.0015692017993514
"2","A","A*01:02",27,19118,0.00141228161941626
"407","C","C*07:17",26,19118,0.00135997489277121
"119","A","A*69:01",26,19118,0.00135997489277121
"46","A","A*11:04",26,19118,0.00135997489277121
"243","B","B*39:05",24,19118,0.00125536143948112
"434","C","C*14:03",22,19118,0.00115074798619102
"418","C","C*07:95",21,19118,0.00109844125954598
"383","C","C*04:33",21,19118,0.00109844125954598
"107","A","A*66:02",21,19118,0.00109844125954598
"308","B","B*51:08",20,19118,0.00104613453290093
"194","B","B*18:03",20,19118,0.00104613453290093
"163","B","B*15:12",19,19118,0.000993827806255884
"14","A","A*02:11",19,19118,0.000993827806255884
"396","C","C*06:53",18,19118,0.000941521079610838
"349","C","C*01:17",18,19118,0.000941521079610838
"17","A","A*02:17",18,19118,0.000941521079610838
"38","A","A*03:05",17,19118,0.000889214352965791
"421","C","C*08:03",16,19118,0.000836907626320745
"302","B","B*51:02",16,19118,0.000836907626320745
"247","B","B*39:10",16,19118,0.000836907626320745
"423","C","C*08:05",15,19118,0.000784600899675698
"342","B","B*78:01",15,19118,0.000784600899675698
"203","B","B*27:04",15,19118,0.000784600899675698
"101","A","A*34:01",15,19118,0.000784600899675698
"356","C","C*02:27",14,19118,0.000732294173030652
"309","B","B*51:09",14,19118,0.000732294173030652
"278","B","B*44:06",14,19118,0.000732294173030652
"74","A","A*26:15",14,19118,0.000732294173030652
"411","C","C*07:27",13,19118,0.000679987446385605
"382","C","C*04:29",13,19118,0.000679987446385605
"350","C","C*01:30",13,19118,0.000679987446385605
"307","B","B*51:07",13,19118,0.000679987446385605
"276","B","B*44:04",13,19118,0.000679987446385605
"202","B","B*27:03",13,19118,0.000679987446385605
"220","B","B*35:12",12,19118,0.000627680719740559
"333","B","B*57:02",11,19118,0.000575373993095512
"281","B","B*44:09",11,19118,0.000575373993095512
"273","B","B*42:02",11,19118,0.000575373993095512
"29","A","A*02:44",11,19118,0.000575373993095512
"413","C","C*07:37",10,19118,0.000523067266450466
"394","C","C*06:17",10,19118,0.000523067266450466
"378","C","C*04:07",10,19118,0.000523067266450466
"251","B","B*39:24",10,19118,0.000523067266450466
"205","B","B*27:06",10,19118,0.000523067266450466
"115","A","A*68:08",10,19118,0.000523067266450466
"111","A","A*68:03",10,19118,0.000523067266450466
"18","A","A*02:19",10,19118,0.000523067266450466
"375","C","C*04:04",9,19118,0.000470760539805419
"206","B","B*27:07",9,19118,0.000470760539805419
"181","B","B*15:35",9,19118,0.000470760539805419
"162","B","B*15:11",9,19118,0.000470760539805419
"158","B","B*15:07",9,19118,0.000470760539805419
"125","A","A*80:01",9,19118,0.000470760539805419
"89","A","A*31:06",9,19118,0.000470760539805419
"85","A","A*30:09",9,19118,0.000470760539805419
"338","B","B*59:01",8,19118,0.000418453813160372
"165","B","B*15:125",8,19118,0.000418453813160372
"159","B","B*15:08",8,19118,0.000418453813160372
"152","B","B*14:03",8,19118,0.000418453813160372
"70","A","A*26:08",8,19118,0.000418453813160372
"416","C","C*07:67",7,19118,0.000366147086515326
"344","B","B*82:01",7,19118,0.000366147086515326
"329","B","B*56:04",7,19118,0.000366147086515326
"305","B","B*51:05",7,19118,0.000366147086515326
"295","B","B*48:08",7,19118,0.000366147086515326
"287","B","B*45:04",7,19118,0.000366147086515326
"223","B","B*35:17",7,19118,0.000366147086515326
"156","B","B*15:04",7,19118,0.000366147086515326
"134","B","B*07:13",7,19118,0.000366147086515326
"95","A","A*32:22",7,19118,0.000366147086515326
"3","A","A*01:03",7,19118,0.000366147086515326
"442","C","C*15:09",6,19118,0.000313840359870279
"438","C","C*15:04",6,19118,0.000313840359870279
"429","C","C*12:05",6,19118,0.000313840359870279
"395","C","C*06:24",6,19118,0.000313840359870279
"392","C","C*06:08",6,19118,0.000313840359870279
"370","C","C*03:32",6,19118,0.000313840359870279
"361","C","C*03:06",6,19118,0.000313840359870279
"348","C","C*01:14",6,19118,0.000313840359870279
"341","B","B*73:01",6,19118,0.000313840359870279
"300","B","B*50:02",6,19118,0.000313840359870279
"257","B","B*40:05",6,19118,0.000313840359870279
"214","B","B*35:04",6,19118,0.000313840359870279
"127","B","B*07:04",6,19118,0.000313840359870279
"57","A","A*24:10",6,19118,0.000313840359870279
"21","A","A*02:22",6,19118,0.000313840359870279
"410","C","C*07:22",5,19118,0.000261533633225233
"399","C","C*07:03",5,19118,0.000261533633225233
"387","C","C*05:09",5,19118,0.000261533633225233
"364","C","C*03:10",5,19118,0.000261533633225233
"363","C","C*03:08",5,19118,0.000261533633225233
"360","C","C*03:05",5,19118,0.000261533633225233
"339","B","B*67:01",5,19118,0.000261533633225233
"210","B","B*27:14",5,19118,0.000261533633225233
"198","B","B*18:07",5,19118,0.000261533633225233
"182","B","B*15:37",5,19118,0.000261533633225233
"174","B","B*15:24",5,19118,0.000261533633225233
"132","B","B*07:10",5,19118,0.000261533633225233
"121","A","A*74:02",5,19118,0.000261533633225233
"62","A","A*24:20",5,19118,0.000261533633225233
"58","A","A*24:14",5,19118,0.000261533633225233
"440","C","C*15:06",4,19118,0.000209226906580186
"432","C","C*12:16",4,19118,0.000209226906580186
"417","C","C*07:80",4,19118,0.000209226906580186
"414","C","C*07:46",4,19118,0.000209226906580186
"408","C","C*07:19",4,19118,0.000209226906580186
"379","C","C*04:10",4,19118,0.000209226906580186
"371","C","C*03:43",4,19118,0.000209226906580186
"294","B","B*48:03",4,19118,0.000209226906580186
"282","B","B*44:10",4,19118,0.000209226906580186
"255","B","B*40:03",4,19118,0.000209226906580186
"234","B","B*35:43",4,19118,0.000209226906580186
"231","B","B*35:30",4,19118,0.000209226906580186
"199","B","B*18:11",4,19118,0.000209226906580186
"195","B","B*18:04",4,19118,0.000209226906580186
"176","B","B*15:27",4,19118,0.000209226906580186
"160","B","B*15:09",4,19118,0.000209226906580186
"140","B","B*07:33",4,19118,0.000209226906580186
"112","A","A*68:04",4,19118,0.000209226906580186
"98","A","A*33:05",4,19118,0.000209226906580186
"63","A","A*24:23",4,19118,0.000209226906580186
"61","A","A*24:18",4,19118,0.000209226906580186
"50","A","A*23:04",4,19118,0.000209226906580186
"26","A","A*02:38",4,19118,0.000209226906580186
"24","A","A*02:30",4,19118,0.000209226906580186
"19","A","A*02:20",4,19118,0.000209226906580186
"16","A","A*02:14",4,19118,0.000209226906580186
"9","A","A*02:04",4,19118,0.000209226906580186
"443","C","C*15:17",3,19118,0.00015692017993514
"425","C","C*08:21",3,19118,0.00015692017993514
"424","C","C*08:15",3,19118,0.00015692017993514
"405","C","C*07:123",3,19118,0.00015692017993514
"401","C","C*07:05",3,19118,0.00015692017993514
"391","C","C*06:06",3,19118,0.00015692017993514
"377","C","C*04:06",3,19118,0.00015692017993514
"366","C","C*03:15",3,19118,0.00015692017993514
"362","C","C*03:07",3,19118,0.00015692017993514
"335","B","B*57:04",3,19118,0.00015692017993514
"325","B","B*55:07",3,19118,0.00015692017993514
"324","B","B*55:04",3,19118,0.00015692017993514
"260","B","B*40:12",3,19118,0.00015692017993514
"245","B","B*39:08",3,19118,0.00015692017993514
"222","B","B*35:15",3,19118,0.00015692017993514
"218","B","B*35:09",3,19118,0.00015692017993514
"177","B","B*15:30",3,19118,0.00015692017993514
"172","B","B*15:21",3,19118,0.00015692017993514
"166","B","B*15:13",3,19118,0.00015692017993514
"157","B","B*15:05",3,19118,0.00015692017993514
"146","B","B*08:12",3,19118,0.00015692017993514
"142","B","B*07:47",3,19118,0.00015692017993514
"138","B","B*07:22",3,19118,0.00015692017993514
"130","B","B*07:08",3,19118,0.00015692017993514
"113","A","A*68:05",3,19118,0.00015692017993514
"69","A","A*26:03",3,19118,0.00015692017993514
"68","A","A*26:02",3,19118,0.00015692017993514
"40","A","A*03:12",3,19118,0.00015692017993514
"447","C","C*16:08",2,19118,0.000104613453290093
"441","C","C*15:08",2,19118,0.000104613453290093
"431","C","C*12:12",2,19118,0.000104613453290093
"428","C","C*12:04",2,19118,0.000104613453290093
"415","C","C*07:49",2,19118,0.000104613453290093
"406","C","C*07:14",2,19118,0.000104613453290093
"390","C","C*06:04",2,19118,0.000104613453290093
"386","C","C*05:04",2,19118,0.000104613453290093
"380","C","C*04:11",2,19118,0.000104613453290093
"372","C","C*03:81",2,19118,0.000104613453290093
"353","C","C*02:09",2,19118,0.000104613453290093
"352","C","C*02:06",2,19118,0.000104613453290093
"347","C","C*01:03",2,19118,0.000104613453290093
"345","B","B*82:02",2,19118,0.000104613453290093
"340","B","B*67:02",2,19118,0.000104613453290093
"330","B","B*56:05",2,19118,0.000104613453290093
"328","B","B*56:02",2,19118,0.000104613453290093
"317","B","B*53:02",2,19118,0.000104613453290093
"310","B","B*51:10",2,19118,0.000104613453290093
"303","B","B*51:03",2,19118,0.000104613453290093
"293","B","B*48:02",2,19118,0.000104613453290093
"285","B","B*44:59",2,19118,0.000104613453290093
"283","B","B*44:15",2,19118,0.000104613453290093
"280","B","B*44:08",2,19118,0.000104613453290093
"268","B","B*40:80",2,19118,0.000104613453290093
"266","B","B*40:39",2,19118,0.000104613453290093
"265","B","B*40:36",2,19118,0.000104613453290093
"259","B","B*40:08",2,19118,0.000104613453290093
"256","B","B*40:04",2,19118,0.000104613453290093
"252","B","B*39:31",2,19118,0.000104613453290093
"250","B","B*39:13",2,19118,0.000104613453290093
"246","B","B*39:09",2,19118,0.000104613453290093
"241","B","B*39:02",2,19118,0.000104613453290093
"235","B","B*35:77",2,19118,0.000104613453290093
"229","B","B*35:28",2,19118,0.000104613453290093
"228","B","B*35:25",2,19118,0.000104613453290093
"225","B","B*35:22",2,19118,0.000104613453290093
"221","B","B*35:14",2,19118,0.000104613453290093
"216","B","B*35:06",2,19118,0.000104613453290093
"209","B","B*27:10",2,19118,0.000104613453290093
"207","B","B*27:08",2,19118,0.000104613453290093
"196","B","B*18:05",2,19118,0.000104613453290093
"189","B","B*15:70",2,19118,0.000104613453290093
"184","B","B*15:39",2,19118,0.000104613453290093
"183","B","B*15:38",2,19118,0.000104613453290093
"180","B","B*15:34",2,19118,0.000104613453290093
"179","B","B*15:33",2,19118,0.000104613453290093
"178","B","B*15:31",2,19118,0.000104613453290093
"164","B","B*15:123",2,19118,0.000104613453290093
"145","B","B*08:09",2,19118,0.000104613453290093
"139","B","B*07:26",2,19118,0.000104613453290093
"124","A","A*74:11",2,19118,0.000104613453290093
"122","A","A*74:03",2,19118,0.000104613453290093
"116","A","A*68:13",2,19118,0.000104613453290093
"108","A","A*66:03",2,19118,0.000104613453290093
"100","A","A*33:26",2,19118,0.000104613453290093
"94","A","A*32:06",2,19118,0.000104613453290093
"92","A","A*32:02",2,19118,0.000104613453290093
"90","A","A*31:08",2,19118,0.000104613453290093
"71","A","A*26:09",2,19118,0.000104613453290093
"59","A","A*24:15",2,19118,0.000104613453290093
"55","A","A*24:05",2,19118,0.000104613453290093
"51","A","A*23:05",2,19118,0.000104613453290093
"45","A","A*11:03",2,19118,0.000104613453290093
"31","A","A*02:57",2,19118,0.000104613453290093
"27","A","A*02:40",2,19118,0.000104613453290093
"22","A","A*02:24",2,19118,0.000104613453290093
"13","A","A*02:10",2,19118,0.000104613453290093
"437","C","C*15:03",1,19118,5.23067266450466e-05
"435","C","C*14:04",1,19118,5.23067266450466e-05
"430","C","C*12:07",1,19118,5.23067266450466e-05
"412","C","C*07:29",1,19118,5.23067266450466e-05
"409","C","C*07:21",1,19118,5.23067266450466e-05
"404","C","C*07:10",1,19118,5.23067266450466e-05
"403","C","C*07:07",1,19118,5.23067266450466e-05
"393","C","C*06:09",1,19118,5.23067266450466e-05
"384","C","C*04:37",1,19118,5.23067266450466e-05
"376","C","C*04:05",1,19118,5.23067266450466e-05
"369","C","C*03:21",1,19118,5.23067266450466e-05
"368","C","C*03:19",1,19118,5.23067266450466e-05
"367","C","C*03:17",1,19118,5.23067266450466e-05
"365","C","C*03:14",1,19118,5.23067266450466e-05
"355","C","C*02:19",1,19118,5.23067266450466e-05
"331","B","B*56:06",1,19118,5.23067266450466e-05
"326","B","B*55:12",1,19118,5.23067266450466e-05
"320","B","B*53:08",1,19118,5.23067266450466e-05
"319","B","B*53:05",1,19118,5.23067266450466e-05
"318","B","B*53:04",1,19118,5.23067266450466e-05
"314","B","B*51:36",1,19118,5.23067266450466e-05
"313","B","B*51:34",1,19118,5.23067266450466e-05
"312","B","B*51:14",1,19118,5.23067266450466e-05
"311","B","B*51:13",1,19118,5.23067266450466e-05
"306","B","B*51:06",1,19118,5.23067266450466e-05
"304","B","B*51:04",1,19118,5.23067266450466e-05
"298","B","B*49:03",1,19118,5.23067266450466e-05
"297","B","B*49:02",1,19118,5.23067266450466e-05
"291","B","B*47:02",1,19118,5.23067266450466e-05
"289","B","B*46:13",1,19118,5.23067266450466e-05
"284","B","B*44:18",1,19118,5.23067266450466e-05
"279","B","B*44:07",1,19118,5.23067266450466e-05
"271","B","B*41:03",1,19118,5.23067266450466e-05
"267","B","B*40:50",1,19118,5.23067266450466e-05
"264","B","B*40:31",1,19118,5.23067266450466e-05
"263","B","B*40:27",1,19118,5.23067266450466e-05
"262","B","B*40:23",1,19118,5.23067266450466e-05
"261","B","B*40:18",1,19118,5.23067266450466e-05
"249","B","B*39:12",1,19118,5.23067266450466e-05
"248","B","B*39:11",1,19118,5.23067266450466e-05
"242","B","B*39:03",1,19118,5.23067266450466e-05
"237","B","B*37:04",1,19118,5.23067266450466e-05
"233","B","B*35:33",1,19118,5.23067266450466e-05
"232","B","B*35:32",1,19118,5.23067266450466e-05
"230","B","B*35:29",1,19118,5.23067266450466e-05
"227","B","B*35:24",1,19118,5.23067266450466e-05
"226","B","B*35:23",1,19118,5.23067266450466e-05
"224","B","B*35:20",1,19118,5.23067266450466e-05
"219","B","B*35:11",1,19118,5.23067266450466e-05
"208","B","B*27:09",1,19118,5.23067266450466e-05
"200","B","B*18:14",1,19118,5.23067266450466e-05
"197","B","B*18:06",1,19118,5.23067266450466e-05
"192","B","B*15:86",1,19118,5.23067266450466e-05
"191","B","B*15:73",1,19118,5.23067266450466e-05
"190","B","B*15:71",1,19118,5.23067266450466e-05
"188","B","B*15:58",1,19118,5.23067266450466e-05
"187","B","B*15:54",1,19118,5.23067266450466e-05
"186","B","B*15:45",1,19118,5.23067266450466e-05
"185","B","B*15:42",1,19118,5.23067266450466e-05
"173","B","B*15:23",1,19118,5.23067266450466e-05
"171","B","B*15:20",1,19118,5.23067266450466e-05
"167","B","B*15:15",1,19118,5.23067266450466e-05
"147","B","B*08:18",1,19118,5.23067266450466e-05
"144","B","B*08:02",1,19118,5.23067266450466e-05
"141","B","B*07:36",1,19118,5.23067266450466e-05
"137","B","B*07:17",1,19118,5.23067266450466e-05
"136","B","B*07:15",1,19118,5.23067266450466e-05
"135","B","B*07:14",1,19118,5.23067266450466e-05
"133","B","B*07:12",1,19118,5.23067266450466e-05
"131","B","B*07:09",1,19118,5.23067266450466e-05
"129","B","B*07:07",1,19118,5.23067266450466e-05
"123","A","A*74:09",1,19118,5.23067266450466e-05
"118","A","A*68:24",1,19118,5.23067266450466e-05
"117","A","A*68:17",1,19118,5.23067266450466e-05
"114","A","A*68:06",1,19118,5.23067266450466e-05
"105","A","A*36:03",1,19118,5.23067266450466e-05
"103","A","A*34:05",1,19118,5.23067266450466e-05
"99","A","A*33:10",1,19118,5.23067266450466e-05
"93","A","A*32:03",1,19118,5.23067266450466e-05
"88","A","A*31:05",1,19118,5.23067266450466e-05
"84","A","A*30:08",1,19118,5.23067266450466e-05
"82","A","A*30:03",1,19118,5.23067266450466e-05
"79","A","A*29:10",1,19118,5.23067266450466e-05
"76","A","A*26:20",1,19118,5.23067266450466e-05
"75","A","A*26:16",1,19118,5.23067266450466e-05
"73","A","A*26:14",1,19118,5.23067266450466e-05
"72","A","A*26:12",1,19118,5.23067266450466e-05
"65","A","A*24:26",1,19118,5.23067266450466e-05
"64","A","A*24:25",1,19118,5.23067266450466e-05
"60","A","A*24:17",1,19118,5.23067266450466e-05
"52","A","A*23:09",1,19118,5.23067266450466e-05
"48","A","A*11:20",1,19118,5.23067266450466e-05
"47","A","A*11:12",1,19118,5.23067266450466e-05
"42","A","A*03:97",1,19118,5.23067266450466e-05
"34","A","A*02:64",1,19118,5.23067266450466e-05
"33","A","A*02:60",1,19118,5.23067266450466e-05
"32","A","A*02:58",1,19118,5.23067266450466e-05
"30","A","A*02:55",1,19118,5.23067266450466e-05
"28","A","A*02:42",1,19118,5.23067266450466e-05
"25","A","A*02:35",1,19118,5.23067266450466e-05
"23","A","A*02:27",1,19118,5.23067266450466e-05
"20","A","A*02:21",1,19118,5.23067266450466e-05
"5","A","A*01:38",1,19118,5.23067266450466e-05
"4","A","A*01:06",1,19118,5.23067266450466e-05
