"","Gene","HLA.type","HLA.type.is0","HLA.type.is1","HLA.type.is2","HLA.type.isNA","Sample.total","term","df","sumsq","meansq","statistic","p.value","p.adj","p.value.2","p.adj.2","HLA.COVID19.known"
"1","ACE2","A*01:01",509,163,7,0,679,"Cancer",22,2193.61352267086,99.709705575948,38.8589839426769,2.63038195729858e-102,8.83808337652323e-102,NA,NA,NA
"2","ACE2","A*01:01",509,163,7,0,679,"HLA.type",1,0.000105252615934829,0.000105252615934829,4.10191734988218e-05,0.994891891712941,0.99974518470572,0.994891891712941,0.994891891712941,NA
"3","ACE2","A*01:01",509,163,7,0,679,"Cancer:HLA.type",18,40.2484170836871,2.23602317131595,0.871425584979155,0.614216926671179,0.822218674747077,NA,NA,NA
"4","ACE2","A*01:01",509,163,7,0,679,"Residuals",637,1634.50188367183,2.56593702303271,NA,NA,NA,NA,NA,NA
"5","ACE2","A*02:01",396,262,21,0,679,"Cancer",22,2193.61352267086,99.709705575948,38.5207616355635,1.41741242311409e-101,4.25223726934227e-101,NA,NA,NA
"6","ACE2","A*02:01",396,262,21,0,679,"HLA.type",1,0.725338552257177,0.725338552257177,0.280219396047673,0.596742166461824,0.808489386819245,0.596742166461824,0.93435019984696,NA
"7","ACE2","A*02:01",396,262,21,0,679,"Cancer:HLA.type",19,27.7602986991764,1.46106835258823,0.56445323369697,0.931119817892039,0.974777783584835,NA,NA,NA
"8","ACE2","A*02:01",396,262,21,0,679,"Residuals",636,1646.2647687567,2.58846661754199,NA,NA,NA,NA,NA,NA
"9","ACE2","A*02:05",663,16,0,0,679,"Cancer",22,2193.61352267086,99.709705575948,38.8517288656586,6.58368013194564e-103,2.54266267164797e-102,NA,NA,NA
"10","ACE2","A*02:05",663,16,0,0,679,"HLA.type",1,0.140596532197991,0.140596532197991,0.0547832161057533,0.815013765400377,0.959308158502397,0.815013765400377,0.962620842939484,NA
"11","ACE2","A*02:05",663,16,0,0,679,"Cancer:HLA.type",7,11.5721249335293,1.6531607047899,0.644151450481782,0.719422361963669,0.891977541032445,NA,NA,NA
"12","ACE2","A*02:05",663,16,0,0,679,"Residuals",648,1663.03768454241,2.5664161798494,NA,NA,NA,NA,NA,NA
"13","ACE2","A*02:13",653,25,1,0,679,"Cancer",22,2193.61352267086,99.709705575948,38.8492825460977,8.59941813125968e-103,3.14065705663397e-102,NA,NA,NA
"14","ACE2","A*02:13",653,25,1,0,679,"HLA.type",1,0.285797987233938,0.285797987233938,0.111353721215235,0.738716463792562,0.905871284066791,0.738716463792562,0.962620842939484,NA
"15","ACE2","A*02:13",653,25,1,0,679,"Cancer:HLA.type",9,16.4553584129574,1.82837315699527,0.712377846925905,0.697845198911837,0.876811775447971,NA,NA,NA
"16","ACE2","A*02:13",653,25,1,0,679,"Residuals",646,1658.00924960795,2.56657778577081,NA,NA,NA,NA,NA,NA
"17","ACE2","A*03:01",514,153,12,0,679,"Cancer",22,2193.61352267086,99.709705575948,41.4297334461488,2.82142702226669e-107,3.63899399872194e-105,NA,NA,NA
"18","ACE2","A*03:01",514,153,12,0,679,"HLA.type",1,5.01240633870627,5.01240633870627,2.08267246740802,0.149471477946521,0.293474861281553,0.149471477946521,0.743291098812867,NA
"19","ACE2","A*03:01",514,153,12,0,679,"Cancer:HLA.type",19,139.065039180039,7.31921258842313,3.04115857952361,1.60987446494556e-05,4.78688336479389e-05,NA,NA,NA
"20","ACE2","A*03:01",514,153,12,0,679,"Residuals",636,1530.67296048939,2.40671849133552,NA,NA,NA,NA,NA,NA
"21","ACE2","A*11:01",587,88,4,0,679,"Cancer",22,2193.61352267086,99.709705575948,40.205670904812,3.36631521776659e-105,4.31782379042863e-104,NA,NA,NA
"22","ACE2","A*11:01",587,88,4,0,679,"HLA.type",1,1.04257881070668,1.04257881070668,0.420396192261093,0.516971612421302,0.732921779635263,0.516971612421302,0.877285160472512,NA
"23","ACE2","A*11:01",587,88,4,0,679,"Cancer:HLA.type",14,84.0335390727367,6.00239564805262,2.42032952230774,0.00258443083226188,0.00723640633033327,NA,NA,NA
"24","ACE2","A*11:01",587,88,4,0,679,"Residuals",641,1589.67428812469,2.47999108911809,NA,NA,NA,NA,NA,NA
"25","ACE2","A*23:01",643,34,2,0,679,"Cancer",22,2193.61352267086,99.709705575948,39.2323353155904,3.21276828825491e-103,1.40193525305669e-102,NA,NA,NA
"26","ACE2","A*23:01",643,34,2,0,679,"HLA.type",1,4.07777796406718,4.07777796406718,1.60446519729168,0.205732357707133,0.377758527005988,0.205732357707133,0.743291098812867,NA
"27","ACE2","A*23:01",643,34,2,0,679,"Cancer:HLA.type",15,44.1007950069498,2.94005300046332,1.15680960537916,0.301583669203537,0.495655490199981,NA,NA,NA
"28","ACE2","A*23:01",643,34,2,0,679,"Residuals",640,1626.57183303712,2.5415184891205,NA,NA,NA,NA,NA,NA
"29","ACE2","A*24:02",581,93,5,0,679,"Cancer",22,2193.61352267086,99.709705575948,39.2307235110401,4.20873278159029e-103,1.72455392026139e-102,NA,NA,NA
"30","ACE2","A*24:02",581,93,5,0,679,"HLA.type",1,0.712854628974273,0.712854628974273,0.280472223755124,0.596576102355796,0.808489386819245,0.596576102355796,0.93435019984696,NA
"31","ACE2","A*24:02",581,93,5,0,679,"Cancer:HLA.type",17,52.4821360284181,3.08718447225989,1.2146508683305,0.246609976192082,0.440749744683721,NA,NA,NA
"32","ACE2","A*24:02",581,93,5,0,679,"Residuals",638,1621.55541535074,2.54162290807327,NA,NA,NA,NA,NA,NA
"33","ACE2","A*25:01",650,28,1,0,679,"Cancer",22,2193.61352267086,99.709705575948,39.3629328142365,1.35978001470407e-103,6.62153746290679e-103,NA,NA,NA
"34","ACE2","A*25:01",650,28,1,0,679,"HLA.type",1,2.08086027113696,2.08086027113696,0.821472318822454,0.365090082857985,0.567917906667976,0.365090082857985,0.781782747823195,NA
"35","ACE2","A*25:01",650,28,1,0,679,"Cancer:HLA.type",13,46.4281454364959,3.57139580280738,1.40989898853802,0.149122257727481,0.293474861281553,NA,NA,NA
"36","ACE2","A*25:01",650,28,1,0,679,"Residuals",642,1626.2414003005,2.53308629330297,NA,NA,NA,NA,NA,NA
"37","ACE2","A*26:01",636,42,1,0,679,"Cancer",22,2193.61352267086,99.709705575948,40.2652052869657,1.5016344582302e-105,2.95743558198832e-104,NA,NA,NA
"38","ACE2","A*26:01",636,42,1,0,679,"HLA.type",1,9.69671778485377,9.69671778485377,3.91577058583844,0.0482600002693689,0.114192676693718,0.0482600002693689,0.665001148385511,NA
"39","ACE2","A*26:01",636,42,1,0,679,"Cancer:HLA.type",10,67.8245262672821,6.78245262672821,2.73891940395226,0.00261466337970981,0.0072572463508429,NA,NA,NA
"40","ACE2","A*26:01",636,42,1,0,679,"Residuals",645,1597.229161956,2.47632428210233,NA,NA,NA,NA,NA,NA
"41","ACE2","A*29:02",644,35,0,0,679,"Cancer",22,2193.61352267086,99.709705575948,40.161163876519,3.59818649202385e-105,4.31782379042863e-104,NA,NA,NA
"42","ACE2","A*29:02",644,35,0,0,679,"HLA.type",1,3.21591563767581,3.21591563767581,1.29530936022454,0.255496344751144,0.449946602897472,0.255496344751144,0.76976799614391,NA
"43","ACE2","A*29:02",644,35,0,0,679,"Cancer:HLA.type",13,77.6157688767993,5.97044375975379,2.40478064663799,0.00362454566420454,0.00989523681117474,NA,NA,NA
"44","ACE2","A*29:02",644,35,0,0,679,"Residuals",642,1593.91872149366,2.48273944157891,NA,NA,NA,NA,NA,NA
"45","ACE2","A*30:01",662,16,1,0,679,"Cancer",22,2193.61352267086,99.709705575948,40.3344363552448,9.59603844245794e-106,2.30304922618991e-104,NA,NA,NA
"46","ACE2","A*30:01",662,16,1,0,679,"HLA.type",1,9.34295110081013,9.34295110081013,3.77939804725181,0.0523211141013132,0.120410235192063,0.0523211141013132,0.665001148385511,NA
"47","ACE2","A*30:01",662,16,1,0,679,"Cancer:HLA.type",9,68.4477444814575,7.60530494238417,3.07648775401478,0.001267880125057,0.00367248036223406,NA,NA,NA
"48","ACE2","A*30:01",662,16,1,0,679,"Residuals",646,1596.95971042587,2.4720738551484,NA,NA,NA,NA,NA,NA
"49","ACE2","A*30:02",659,20,0,0,679,"Cancer",22,2193.61352267086,99.709705575948,38.8797395305058,8.49278951522999e-103,3.13579920562338e-102,NA,NA,NA
"50","ACE2","A*30:02",659,20,0,0,679,"HLA.type",1,0.424286406067953,0.424286406067953,0.165441717623882,0.684330015917343,0.870818821143825,0.684330015917343,0.950759756509848,NA
"51","ACE2","A*30:02",659,20,0,0,679,"Cancer:HLA.type",10,20.1802618083089,2.01802618083089,0.78688761363039,0.641568299992259,0.838781901935404,NA,NA,NA
"52","ACE2","A*30:02",659,20,0,0,679,"Residuals",645,1654.14585779376,2.56456722138567,NA,NA,NA,NA,NA,NA
"53","ACE2","A*31:01",643,36,0,0,679,"Cancer",22,2193.61352267086,99.709705575948,38.6880076480463,3.91487813015231e-102,1.26480678051075e-101,NA,NA,NA
"54","ACE2","A*31:01",643,36,0,0,679,"HLA.type",1,0.154583637534938,0.154583637534938,0.0599794465009144,0.806606931965924,0.959308158502397,0.806606931965924,0.962620842939484,NA
"55","ACE2","A*31:01",643,36,0,0,679,"Cancer:HLA.type",15,25.1386533910212,1.67591022606808,0.65026395644278,0.833445468077576,0.959308158502397,NA,NA,NA
"56","ACE2","A*31:01",643,36,0,0,679,"Residuals",640,1649.45716897958,2.57727682653059,NA,NA,NA,NA,NA,NA
"57","ACE2","A*32:01",638,41,0,0,679,"Cancer",22,2193.61352267086,99.709705575948,38.7493173724747,1.76411833939569e-102,6.17441418788491e-102,NA,NA,NA
"58","ACE2","A*32:01",638,41,0,0,679,"HLA.type",1,0.134160621204371,0.134160621204371,0.0521376776704727,0.819456928553864,0.959308158502397,0.819456928553864,0.962620842939484,NA
"59","ACE2","A*32:01",638,41,0,0,679,"Cancer:HLA.type",11,17.476075053922,1.58873409581109,0.617415941040603,0.814797186688515,0.959308158502397,NA,NA,NA
"60","ACE2","A*32:01",638,41,0,0,679,"Residuals",644,1657.14017033301,2.57319902225623,NA,NA,NA,NA,NA,NA
"61","ACE2","A*33:03",660,19,0,0,679,"Cancer",22,2193.61352267086,99.709705575948,39.9942202664623,6.70666713326945e-105,7.04200048993292e-104,NA,NA,NA
"62","ACE2","A*33:03",660,19,0,0,679,"HLA.type",1,2.95642976457601,2.95642976457601,1.18584346953783,0.276577547915577,0.474132939283846,0.276577547915577,0.76976799614391,NA
"63","ACE2","A*33:03",660,19,0,0,679,"Cancer:HLA.type",12,68.7288268750225,5.72740223958521,2.29729879755913,0.00722644686851402,0.0189694230298493,NA,NA,NA
"64","ACE2","A*33:03",660,19,0,0,679,"Residuals",643,1603.06514936854,2.49310287615636,NA,NA,NA,NA,NA,NA
"65","ACE2","A*68:01",626,52,1,0,679,"Cancer",22,2193.61352267086,99.709705575948,38.7671296191495,3.09400191263612e-102,1.01920063004484e-101,NA,NA,NA
"66","ACE2","A*68:01",626,52,1,0,679,"HLA.type",1,8.91918438468352,8.91918438468352,3.46777853911874,0.0630340771633506,0.141196332845905,0.0630340771633506,0.665001148385511,NA
"67","ACE2","A*68:01",626,52,1,0,679,"Cancer:HLA.type",16,22.3125373936511,1.39453358710319,0.542194603997786,0.924842838200952,0.974777783584835,NA,NA,NA
"68","ACE2","A*68:01",626,52,1,0,679,"Residuals",639,1643.5186842298,2.57201672023443,NA,NA,NA,NA,NA,NA
"69","ACE2","A*68:02",662,17,0,0,679,"Cancer",22,2193.61352267086,99.709705575948,38.9300086987898,6.73360113092224e-103,2.57101134089758e-102,NA,NA,NA
"70","ACE2","A*68:02",662,17,0,0,679,"HLA.type",1,0.0630843852850575,0.0630843852850575,0.0246302569415821,0.875341012658571,0.963734858583526,0.875341012658571,0.962620842939484,NA
"71","ACE2","A*68:02",662,17,0,0,679,"Cancer:HLA.type",10,22.6774134286697,2.26774134286697,0.885402175189173,0.54656896889134,0.752652350604469,NA,NA,NA
"72","ACE2","A*68:02",662,17,0,0,679,"Residuals",645,1652.00990819418,2.56125567161889,NA,NA,NA,NA,NA,NA
"73","ACE2","B*07:02",536,133,10,0,679,"Cancer",22,2193.61352267086,99.709705575948,38.6632933851313,5.67882284712149e-102,1.76674488577113e-101,NA,NA,NA
"74","ACE2","B*07:02",536,133,10,0,679,"HLA.type",1,0.103342771731629,0.103342771731629,0.0400720459418991,0.841403572082522,0.959308158502397,0.841403572082522,0.962620842939484,NA
"75","ACE2","B*07:02",536,133,10,0,679,"Cancer:HLA.type",17,29.2933805126476,1.72314003015574,0.668162323263806,0.835549913903809,0.959308158502397,NA,NA,NA
"76","ACE2","B*07:02",536,133,10,0,679,"Residuals",638,1645.35368272376,2.5789242675921,NA,NA,NA,NA,NA,NA
"77","ACE2","B*08:01",552,121,6,0,679,"Cancer",22,2193.61352267086,99.709705575948,38.5404852384569,1.13761625919568e-101,3.47490057354317e-101,NA,NA,NA
"78","ACE2","B*08:01",552,121,6,0,679,"HLA.type",1,0.236358605026534,0.236358605026534,0.0913589632562785,0.762555235208326,0.924976747400714,0.762555235208326,0.962620842939484,NA
"79","ACE2","B*08:01",552,121,6,0,679,"Cancer:HLA.type",18,26.504634472794,1.472479692933,0.569153038228418,0.922014613792375,0.974777783584835,NA,NA,NA
"80","ACE2","B*08:01",552,121,6,0,679,"Residuals",637,1648.00941293032,2.5871419355264,NA,NA,NA,NA,NA,NA
"81","ACE2","B*13:02",649,30,0,0,679,"Cancer",22,2193.61352267086,99.709705575948,39.0839904535121,3.31066715577397e-103,1.42613354402571e-102,NA,NA,NA
"82","ACE2","B*13:02",649,30,0,0,679,"HLA.type",1,0.0689584041288842,0.0689584041288842,0.0270301631430438,0.869461060523471,0.960983277420679,0.869461060523471,0.962620842939484,NA
"83","ACE2","B*13:02",649,30,0,0,679,"Cancer:HLA.type",10,29.1800709474344,2.91800709474344,1.14379398450198,0.326640653697679,0.525125644222105,NA,NA,NA
"84","ACE2","B*13:02",649,30,0,0,679,"Residuals",645,1645.50137665657,2.55116492504895,NA,NA,NA,NA,NA,NA
"85","ACE2","B*14:02",643,35,1,0,679,"Cancer",22,2193.61352267086,99.709705575948,38.5782201355776,5.0281549131686e-102,1.57893462693892e-101,NA,NA,NA
"86","ACE2","B*14:02",643,35,1,0,679,"HLA.type",1,0.288614057608191,0.288614057608191,0.111666327608903,0.738364091556525,0.905871284066791,0.738364091556525,0.962620842939484,NA
"87","ACE2","B*14:02",643,35,1,0,679,"Cancer:HLA.type",13,15.1413060703639,1.16471585156645,0.450634812905977,0.950359054662705,0.982525053435904,NA,NA,NA
"88","ACE2","B*14:02",643,35,1,0,679,"Residuals",642,1659.32048588016,2.584611348723,NA,NA,NA,NA,NA,NA
"89","ACE2","B*15:01",599,78,2,0,679,"Cancer",22,2193.61352267086,99.709705575948,38.6872899041692,4.46856234531537e-102,1.41644995096789e-101,NA,NA,NA
"90","ACE2","B*15:01",599,78,2,0,679,"HLA.type",1,0.600889825962818,0.600889825962818,0.233144795315662,0.629367128383551,0.828560981929204,0.629367128383551,0.942364783692188,NA
"91","ACE2","B*15:01",599,78,2,0,679,"Cancer:HLA.type",16,27.2390703779944,1.70244189862465,0.660546161445928,0.833668845881435,0.959308158502397,NA,NA,NA
"92","ACE2","B*15:01",599,78,2,0,679,"Residuals",639,1646.91044580418,2.57732464132109,NA,NA,NA,NA,NA,NA
"93","ACE2","B*18:01",619,60,0,0,679,"Cancer",22,2193.61352267086,99.709705575948,39.875576629907,1.50086986125067e-104,1.26073068345056e-103,NA,NA,NA
"94","ACE2","B*18:01",619,60,0,0,679,"HLA.type",1,0.576480057477245,0.576480057477245,0.230544003462509,0.631284557660346,0.828560981929204,0.631284557660346,0.942364783692188,NA
"95","ACE2","B*18:01",619,60,0,0,679,"Cancer:HLA.type",14,71.3401445766555,5.09572461261825,2.03786538232821,0.0134931253006775,0.0351448845040903,NA,NA,NA
"96","ACE2","B*18:01",619,60,0,0,679,"Residuals",641,1602.833781374,2.50052071977224,NA,NA,NA,NA,NA,NA
"97","ACE2","B*27:05",637,41,1,0,679,"Cancer",22,2193.61352267086,99.709705575948,39.7977382441728,1.43490049569751e-104,1.24843667556749e-103,NA,NA,NA
"98","ACE2","B*27:05",637,41,1,0,679,"HLA.type",1,4.16063525345276,4.16063525345276,1.66065952948047,0.197977040008173,0.371621706384056,0.197977040008173,0.743291098812867,NA
"99","ACE2","B*27:05",637,41,1,0,679,"Cancer:HLA.type",11,57.1048536736811,5.19135033397101,2.07205507760534,0.020413779246139,0.0515716528323512,NA,NA,NA
"100","ACE2","B*27:05",637,41,1,0,679,"Residuals",644,1613.484917081,2.50541136192702,NA,NA,NA,NA,NA,NA
"101","ACE2","B*35:01",604,72,3,0,679,"Cancer",22,2193.61352267086,99.709705575948,39.0622071112479,5.3989252158539e-103,2.10934752619408e-102,NA,NA,NA
"102","ACE2","B*35:01",604,72,3,0,679,"HLA.type",1,6.96532119744664,6.96532119744664,2.72872954181761,0.099046637157703,0.205430062253014,0.099046637157703,0.677479988189477,NA
"103","ACE2","B*35:01",604,72,3,0,679,"Cancer:HLA.type",13,29.0238443756593,2.23260341351225,0.874643209827423,0.580095958186189,0.792326186790893,NA,NA,NA
"104","ACE2","B*35:01",604,72,3,0,679,"Residuals",642,1638.76124043503,2.55258760192372,NA,NA,NA,NA,NA,NA
"105","ACE2","B*35:03",658,19,2,0,679,"Cancer",22,2193.61352267086,99.709705575948,38.7492055461142,1.05901319087862e-102,3.7854088525023e-102,NA,NA,NA
"106","ACE2","B*35:03",658,19,2,0,679,"HLA.type",1,0.016309467460233,0.016309467460233,0.00633818847737803,0.936569841174385,0.974777783584835,0.936569841174385,0.973765585873611,NA
"107","ACE2","B*35:03",658,19,2,0,679,"Cancer:HLA.type",7,7.29631807263253,1.04233115323322,0.405070939388021,0.899380126903459,0.974777783584835,NA,NA,NA
"108","ACE2","B*35:03",658,19,2,0,679,"Residuals",648,1667.43777846804,2.57320644825315,NA,NA,NA,NA,NA,NA
"109","ACE2","B*38:01",655,24,0,0,679,"Cancer",22,2193.61352267086,99.709705575948,38.6889793970427,1.80641517550235e-102,6.25727318524527e-102,NA,NA,NA
"110","ACE2","B*38:01",655,24,0,0,679,"HLA.type",1,0.608267679346833,0.608267679346833,0.236017703374037,0.627261988447555,0.828560981929204,0.627261988447555,0.942364783692188,NA
"111","ACE2","B*38:01",655,24,0,0,679,"Cancer:HLA.type",9,9.26312611618152,1.02923623513128,0.399360315685149,0.935512530151694,0.974777783584835,NA,NA,NA
"112","ACE2","B*38:01",655,24,0,0,679,"Residuals",646,1664.87901221261,2.57721209320837,NA,NA,NA,NA,NA,NA
"113","ACE2","B*39:01",663,15,1,0,679,"Cancer",22,2193.61352267086,99.709705575948,39.4028738626518,6.71159935536782e-104,3.91517673358948e-103,NA,NA,NA
"114","ACE2","B*39:01",663,15,1,0,679,"HLA.type",1,9.13429748427461,9.13429748427461,3.60965434124829,0.0578900952255378,0.132320217658372,0.0578900952255378,0.665001148385511,NA
"115","ACE2","B*39:01",663,15,1,0,679,"Cancer:HLA.type",9,30.9010868077394,3.43345408974883,1.35681835213656,0.204289993123514,0.377758527005988,NA,NA,NA
"116","ACE2","B*39:01",663,15,1,0,679,"Residuals",646,1634.71502171612,2.53051860946768,NA,NA,NA,NA,NA,NA
"117","ACE2","B*40:01",622,56,1,0,679,"Cancer",22,2193.61352267086,99.709705575948,40.1177636413837,8.5943399860621e-105,8.0213839869913e-104,NA,NA,NA
"118","ACE2","B*40:01",622,56,1,0,679,"HLA.type",1,10.59917960395,10.59917960395,4.26453352447177,0.0393199867084485,0.095046874345602,0.0393199867084485,0.665001148385511,NA
"119","ACE2","B*40:01",622,56,1,0,679,"Cancer:HLA.type",18,80.9352969309983,4.49640538505546,1.80910902736646,0.021075418295949,0.0524543744254731,NA,NA,NA
"120","ACE2","B*40:01",622,56,1,0,679,"Residuals",637,1583.21592947319,2.48542532099402,NA,NA,NA,NA,NA,NA
"121","ACE2","B*40:02",662,15,2,0,679,"Cancer",22,2193.61352267086,99.709705575948,38.694417907323,1.36564946585808e-102,4.830086531877e-102,NA,NA,NA
"122","ACE2","B*40:02",662,15,2,0,679,"HLA.type",1,0.085212562154119,0.085212562154119,0.0330685009237514,0.855759301836362,0.959308158502397,0.855759301836362,0.962620842939484,NA
"123","ACE2","B*40:02",662,15,2,0,679,"Cancer:HLA.type",7,4.86648067128009,0.695211524468585,0.269791241548541,0.965521428232003,0.983076363290767,NA,NA,NA
"124","ACE2","B*40:02",662,15,2,0,679,"Residuals",648,1669.7987127747,2.57684986539306,NA,NA,NA,NA,NA,NA
"125","ACE2","B*44:02",571,94,14,0,679,"Cancer",22,2193.61352267086,99.709705575948,38.6929188514389,4.35417910253857e-102,1.39333731281234e-101,NA,NA,NA
"126","ACE2","B*44:02",571,94,14,0,679,"HLA.type",1,0.0246959590210328,0.0246959590210328,0.00958340748114475,0.92204646415326,0.974777783584835,0.92204646415326,0.973765585873611,NA
"127","ACE2","B*44:02",571,94,14,0,679,"Cancer:HLA.type",16,28.0548525813175,1.75342828633234,0.680427827993111,0.814825671687772,0.959308158502397,NA,NA,NA
"128","ACE2","B*44:02",571,94,14,0,679,"Residuals",639,1646.6708574678,2.57694969869765,NA,NA,NA,NA,NA,NA
"129","ACE2","B*44:03",615,59,5,0,679,"Cancer",22,2193.61352267086,99.709705575948,40.2467438590989,3.20089481225586e-105,4.31782379042863e-104,NA,NA,NA
"130","ACE2","B*44:03",615,59,5,0,679,"HLA.type",1,1.51118027745212,1.51118027745212,0.609971568968393,0.435087303242379,0.641584801388021,0.435087303242379,0.798826143314382,NA
"131","ACE2","B*44:03",615,59,5,0,679,"Cancer:HLA.type",15,87.6647059132326,5.84431372754884,2.35899400430696,0.0026350715916751,0.0072572463508429,NA,NA,NA
"132","ACE2","B*44:03",615,59,5,0,679,"Residuals",640,1585.57451981745,2.47746018721477,NA,NA,NA,NA,NA,NA
"133","ACE2","B*49:01",657,22,0,0,679,"Cancer",22,2193.61352267086,99.709705575948,39.2674685447276,1.62151488384037e-103,7.67364790099104e-103,NA,NA,NA
"134","ACE2","B*49:01",657,22,0,0,679,"HLA.type",1,4.60407206200982,4.60407206200982,1.8131660687226,0.178602606356399,0.340968612134944,0.178602606356399,0.743291098812867,NA
"135","ACE2","B*49:01",657,22,0,0,679,"Cancer:HLA.type",11,34.872842410287,3.17025840093518,1.24850455949405,0.250986909595692,0.446198950392341,NA,NA,NA
"136","ACE2","B*49:01",657,22,0,0,679,"Residuals",644,1635.27349153584,2.53924455207429,NA,NA,NA,NA,NA,NA
"137","ACE2","B*50:01",661,18,0,0,679,"Cancer",22,2193.61352267086,99.709705575948,38.8365198018695,1.03698933423014e-102,3.74654211076697e-102,NA,NA,NA
"138","ACE2","B*50:01",661,18,0,0,679,"HLA.type",1,0.105943029481147,0.105943029481147,0.0412643737994057,0.839092531475804,0.959308158502397,0.839092531475804,0.962620842939484,NA
"139","ACE2","B*50:01",661,18,0,0,679,"Cancer:HLA.type",10,18.6577673481506,1.86577673481506,0.726712356525012,0.699618451463226,0.876811775447971,NA,NA,NA
"140","ACE2","B*50:01",661,18,0,0,679,"Residuals",645,1655.9866956305,2.56742123353567,NA,NA,NA,NA,NA,NA
"141","ACE2","B*51:01",600,76,3,0,679,"Cancer",22,2193.61352267086,99.709705575948,38.8203449668774,2.75780913964819e-102,9.17449377150289e-102,NA,NA,NA
"142","ACE2","B*51:01",600,76,3,0,679,"HLA.type",1,0.277895224417619,0.277895224417619,0.10819396581532,0.742317664975748,0.906977219752187,0.742317664975748,0.962620842939484,NA
"143","ACE2","B*51:01",600,76,3,0,679,"Cancer:HLA.type",17,35.7752706707611,2.10442768651536,0.819324540940979,0.671348720096284,0.860966297528059,NA,NA,NA
"144","ACE2","B*51:01",600,76,3,0,679,"Residuals",638,1638.69724011296,2.56849097196388,NA,NA,NA,NA,NA,NA
"145","ACE2","B*52:01",656,23,0,0,679,"Cancer",22,2193.61352267086,99.709705575948,39.1262995361978,3.53167054693978e-103,1.48330162971471e-102,NA,NA,NA
"146","ACE2","B*52:01",656,23,0,0,679,"HLA.type",1,5.28756609122788,5.28756609122788,2.07485212706043,0.150231178989366,0.293474861281553,0.150231178989366,0.743291098812867,NA
"147","ACE2","B*52:01",656,23,0,0,679,"Cancer:HLA.type",12,30.8376326948478,2.56980272457065,1.00839602894929,0.439180072378705,0.641584801388021,NA,NA,NA
"148","ACE2","B*52:01",656,23,0,0,679,"Residuals",643,1638.62520722206,2.54840623207163,NA,NA,NA,NA,NA,NA
"149","ACE2","B*55:01",662,16,1,0,679,"Cancer",22,2193.61352267086,99.709705575948,38.8507537786354,7.51487947482977e-103,2.80555500393645e-102,NA,NA,NA
"150","ACE2","B*55:01",662,16,1,0,679,"HLA.type",1,1.51749432377749,1.51749432377749,0.591274420007689,0.442207329334747,0.643210660850541,0.442207329334747,0.798826143314382,NA
"151","ACE2","B*55:01",662,16,1,0,679,"Cancer:HLA.type",8,12.7199683521075,1.58999604401343,0.619523891462286,0.761826328498629,0.924976747400714,NA,NA,NA
"152","ACE2","B*55:01",662,16,1,0,679,"Residuals",647,1660.51294333225,2.56648059247643,NA,NA,NA,NA,NA,NA
"153","ACE2","B*57:01",642,36,1,0,679,"Cancer",22,2193.61352267086,99.709705575948,39.2305712696324,2.84122884665289e-103,1.25728659943927e-102,NA,NA,NA
"154","ACE2","B*57:01",642,36,1,0,679,"HLA.type",1,4.29124280020386,4.29124280020386,1.68838033906805,0.194281749006812,0.366734088012859,0.194281749006812,0.743291098812867,NA
"155","ACE2","B*57:01",642,36,1,0,679,"Cancer:HLA.type",14,41.272556800874,2.948039771491,1.15989996854515,0.302159624449525,0.495655490199981,NA,NA,NA
"156","ACE2","B*57:01",642,36,1,0,679,"Residuals",641,1629.18660640706,2.54163277130586,NA,NA,NA,NA,NA,NA
"157","ACE2","C*01:02",637,38,4,0,679,"Cancer",22,2193.61352267086,99.709705575948,39.1789553788643,4.67612152125156e-103,1.84844333075356e-102,NA,NA,NA
"158","ACE2","C*01:02",637,38,4,0,679,"HLA.type",1,1.54059202660228,1.54059202660228,0.605345145877601,0.436833826164695,0.641584801388021,0.436833826164695,0.798826143314382,NA
"159","ACE2","C*01:02",637,38,4,0,679,"Cancer:HLA.type",16,46.9668157467567,2.9354259841723,1.15341754333278,0.30147080341742,0.495655490199981,NA,NA,NA
"160","ACE2","C*01:02",637,38,4,0,679,"Residuals",639,1626.24299823478,2.5449812178948,NA,NA,NA,NA,NA,NA
"161","ACE2","C*02:02",630,47,2,0,679,"Cancer",22,2193.61352267086,99.709705575948,39.6910300689139,4.52989472657043e-104,2.98440123162287e-103,NA,NA,NA
"162","ACE2","C*02:02",630,47,2,0,679,"HLA.type",1,2.76255187180889,2.76255187180889,1.09967759685523,0.29473332749128,0.495655490199981,0.29473332749128,0.76976799614391,NA
"163","ACE2","C*02:02",630,47,2,0,679,"Cancer:HLA.type",16,66.725865409756,4.17036658810975,1.66008057782277,0.0498515598653955,0.116320306352589,NA,NA,NA
"164","ACE2","C*02:02",630,47,2,0,679,"Residuals",639,1605.26198872657,2.51214708720903,NA,NA,NA,NA,NA,NA
"165","ACE2","C*03:03",612,62,5,0,679,"Cancer",22,2193.61352267086,99.709705575948,39.151513275772,3.58267295945276e-103,1.48614582021744e-102,NA,NA,NA
"166","ACE2","C*03:03",612,62,5,0,679,"HLA.type",1,0.00270972816156848,0.00270972816156848,0.00106398827956195,0.973988689264373,0.988701509343895,0.973988689264373,0.982763362140628,NA
"167","ACE2","C*03:03",612,62,5,0,679,"Cancer:HLA.type",13,39.7245356459263,3.0557335112251,1.19984900608121,0.274685790784373,0.473304747197689,NA,NA,NA
"168","ACE2","C*03:03",612,62,5,0,679,"Residuals",642,1635.02316063405,2.54676504771659,NA,NA,NA,NA,NA,NA
"169","ACE2","C*03:04",596,78,5,0,679,"Cancer",22,2193.61352267086,99.709705575948,39.29749961986,4.61312834056621e-103,1.84525133622648e-102,NA,NA,NA
"170","ACE2","C*03:04",596,78,5,0,679,"HLA.type",1,5.94848599451419,5.94848599451419,2.34441195827331,0.126231007779403,0.250968157478576,0.126231007779403,0.706893643564657,NA
"171","ACE2","C*03:04",596,78,5,0,679,"Cancer:HLA.type",20,57.6138379930353,2.88069189965177,1.1353357045596,0.307604122153487,0.501723228366853,NA,NA,NA
"172","ACE2","C*03:04",596,78,5,0,679,"Residuals",635,1611.18808202059,2.53730406617415,NA,NA,NA,NA,NA,NA
"173","ACE2","C*04:01",536,132,11,0,679,"Cancer",22,2193.61352267086,99.709705575948,40.6778208627147,7.98098947095779e-106,2.30304922618991e-104,NA,NA,NA
"174","ACE2","C*04:01",536,132,11,0,679,"HLA.type",1,2.13465824927972,2.13465824927972,0.870860518198766,0.351071327857356,0.553802658028505,0.351071327857356,0.781782747823195,NA
"175","ACE2","C*04:01",536,132,11,0,679,"Cancer:HLA.type",19,113.648934852968,5.98152288699834,2.4402370368872,0.000613049851951339,0.00179117174135348,NA,NA,NA
"176","ACE2","C*04:01",536,132,11,0,679,"Residuals",636,1558.96681290589,2.45120568066964,NA,NA,NA,NA,NA,NA
"177","ACE2","C*05:01",572,98,9,0,679,"Cancer",22,2193.61352267086,99.709705575948,39.9177247898366,1.85313026750459e-104,1.48250421400367e-103,NA,NA,NA
"178","ACE2","C*05:01",572,98,9,0,679,"HLA.type",1,3.05495824459929,3.05495824459929,1.22302018392252,0.26918558810009,0.466218338152734,0.26918558810009,0.76976799614391,NA
"179","ACE2","C*05:01",572,98,9,0,679,"Cancer:HLA.type",17,78.0477012453846,4.59104124972851,1.8379747492671,0.0207648138227543,0.0520669958540706,NA,NA,NA
"180","ACE2","C*05:01",572,98,9,0,679,"Residuals",638,1593.64774651815,2.49788048043598,NA,NA,NA,NA,NA,NA
"181","ACE2","C*06:02",570,108,1,0,679,"Cancer",22,2193.61352267086,99.709705575948,39.5687250778289,7.89887765276348e-104,4.21273474814052e-103,NA,NA,NA
"182","ACE2","C*06:02",570,108,1,0,679,"HLA.type",1,0.978899493617288,0.978899493617288,0.38846574381132,0.533329367491855,0.746661114488597,0.533329367491855,0.891535659090862,NA
"183","ACE2","C*06:02",570,108,1,0,679,"Cancer:HLA.type",16,63.5477316087345,3.97173322554591,1.57613964634967,0.0697766204192355,0.153234931116752,NA,NA,NA
"184","ACE2","C*06:02",570,108,1,0,679,"Residuals",639,1610.22377490578,2.51991201080718,NA,NA,NA,NA,NA,NA
"185","ACE2","C*07:01",497,166,16,0,679,"Cancer",22,2193.61352267086,99.709705575948,39.1502118592502,6.93420930967828e-103,2.61785879556393e-102,NA,NA,NA
"186","ACE2","C*07:01",497,166,16,0,679,"HLA.type",1,1.53044063960001,1.53044063960001,0.600915176032771,0.438516723847768,0.641584801388021,0.438516723847768,0.798826143314382,NA
"187","ACE2","C*07:01",497,166,16,0,679,"Cancer:HLA.type",18,50.8767024451234,2.82648346917352,1.10979594208635,0.337611279030249,0.535082027142282,NA,NA,NA
"188","ACE2","C*07:01",497,166,16,0,679,"Residuals",637,1622.34326292341,2.54684970631619,NA,NA,NA,NA,NA,NA
"189","ACE2","C*07:02",529,140,10,0,679,"Cancer",22,2193.61352267086,99.709705575948,38.6446662100244,6.18743187313226e-102,1.90731844896554e-101,NA,NA,NA
"190","ACE2","C*07:02",529,140,10,0,679,"HLA.type",1,3.57472427791375,3.57472427791375,1.38546218459771,0.239611857024323,0.430532534546377,0.239611857024323,0.76976799614391,NA
"191","ACE2","C*07:02",529,140,10,0,679,"Cancer:HLA.type",17,25.0289195425564,1.47228938485626,0.570617790050487,0.914147891495595,0.974777783584835,NA,NA,NA
"192","ACE2","C*07:02",529,140,10,0,679,"Residuals",638,1646.14676218767,2.58016733885214,NA,NA,NA,NA,NA,NA
"193","ACE2","C*07:04",655,23,1,0,679,"Cancer",22,2193.61352267086,99.709705575948,38.6465294848761,3.22548998520119e-102,1.05219867478408e-101,NA,NA,NA
"194","ACE2","C*07:04",655,23,1,0,679,"HLA.type",1,1.4435388353067,1.4435388353067,0.55950186432705,0.454734499332746,0.655754471140784,0.454734499332746,0.80841688770266,NA
"195","ACE2","C*07:04",655,23,1,0,679,"Cancer:HLA.type",12,14.339256370298,1.19493803085816,0.463146567081023,0.935896732678996,0.974777783584835,NA,NA,NA
"196","ACE2","C*07:04",655,23,1,0,679,"Residuals",643,1658.96761080253,2.58004294059492,NA,NA,NA,NA,NA,NA
"197","ACE2","C*08:02",636,42,1,0,679,"Cancer",22,2193.61352267086,99.709705575948,38.7654734795092,2.40784667259133e-102,8.17208567667359e-102,NA,NA,NA
"198","ACE2","C*08:02",636,42,1,0,679,"HLA.type",1,2.54426271914232,2.54426271914232,0.989166986243786,0.320321343314191,0.519941890596947,0.320321343314191,0.781782747823195,NA
"199","ACE2","C*08:02",636,42,1,0,679,"Cancer:HLA.type",14,23.4729914040692,1.6766422431478,0.651850590029714,0.82157898525888,0.959308158502397,NA,NA,NA
"200","ACE2","C*08:02",636,42,1,0,679,"Residuals",641,1648.73315188493,2.57212660200456,NA,NA,NA,NA,NA,NA
"201","ACE2","C*12:02",658,21,0,0,679,"Cancer",22,2193.61352267086,99.709705575948,39.6409762265202,2.93316436698063e-104,2.09690048362871e-103,NA,NA,NA
"202","ACE2","C*12:02",658,21,0,0,679,"HLA.type",1,12.8389410630331,12.8389410630331,5.10429907012139,0.0242001043416511,0.0597884930793732,0.0242001043416511,0.665001148385511,NA
"203","ACE2","C*12:02",658,21,0,0,679,"Cancer:HLA.type",11,42.045949424541,3.82235903859464,1.51963184429164,0.11970789983372,0.23941579966744,NA,NA,NA
"204","ACE2","C*12:02",658,21,0,0,679,"Residuals",644,1619.86551552056,2.51531912347913,NA,NA,NA,NA,NA,NA
"205","ACE2","C*12:03",612,65,2,0,679,"Cancer",22,2193.61352267086,99.709705575948,38.4530707426957,1.1586722057455e-101,3.50733208225666e-101,NA,NA,NA
"206","ACE2","C*12:03",612,65,2,0,679,"HLA.type",1,2.07847750352962,2.07847750352962,0.801565324244675,0.370962368318712,0.571758512638014,0.370962368318712,0.781782747823195,NA
"207","ACE2","C*12:03",612,65,2,0,679,"Cancer:HLA.type",15,13.1370633799925,0.875804225332831,0.337754099653051,0.991268496333461,0.99974518470572,NA,NA,NA
"208","ACE2","C*12:03",612,65,2,0,679,"Residuals",640,1659.53486512461,2.59302322675721,NA,NA,NA,NA,NA,NA
"209","ACE2","C*14:02",657,22,0,0,679,"Cancer",22,2193.61352267086,99.709705575948,40.3046298504575,1.88117722798012e-105,3.32671341369115e-104,NA,NA,NA
"210","ACE2","C*14:02",657,22,0,0,679,"HLA.type",1,2.38727137515367,2.38727137515367,0.964982180745411,0.326304848535938,0.525125644222105,0.326304848535938,0.781782747823195,NA
"211","ACE2","C*14:02",657,22,0,0,679,"Cancer:HLA.type",13,84.1180318428361,6.47061783406432,2.61555136683344,0.0014760859515291,0.00420309220096421,NA,NA,NA
"212","ACE2","C*14:02",657,22,0,0,679,"Residuals",642,1588.24510279015,2.47390202926814,NA,NA,NA,NA,NA,NA
"213","ACE2","C*15:02",641,38,0,0,679,"Cancer",22,2193.61352267086,99.709705575948,40.2732658087497,2.83999044739891e-105,4.14885561011319e-104,NA,NA,NA
"214","ACE2","C*15:02",641,38,0,0,679,"HLA.type",1,0.911698607089268,0.911698607089268,0.368239782964817,0.544180507193159,0.752447121057207,0.544180507193159,0.896297305965202,NA
"215","ACE2","C*15:02",641,38,0,0,679,"Cancer:HLA.type",15,89.308367307728,5.95389115384853,2.40480743223803,0.00212345709168729,0.00599564355299941,NA,NA,NA
"216","ACE2","C*15:02",641,38,0,0,679,"Residuals",640,1584.53034009332,2.47582865639581,NA,NA,NA,NA,NA,NA
"217","ACE2","C*16:01",631,48,0,0,679,"Cancer",22,2193.61352267086,99.709705575948,38.7340759072044,2.15190080517518e-102,7.37794561774347e-102,NA,NA,NA
"218","ACE2","C*16:01",631,48,0,0,679,"HLA.type",1,0.480953449446849,0.480953449446849,0.186835246489784,0.665708688396174,0.857004288510017,0.665708688396174,0.943789532916095,NA
"219","ACE2","C*16:01",631,48,0,0,679,"Cancer:HLA.type",12,19.0514259577323,1.58761882981103,0.616739844034211,0.828967112342283,0.959308158502397,NA,NA,NA
"220","ACE2","C*16:01",631,48,0,0,679,"Residuals",643,1655.21802660096,2.57421154992373,NA,NA,NA,NA,NA,NA
"221","ACE2","C*17:01",663,15,1,0,679,"Cancer",22,2193.61352267086,99.709705575948,39.0186257910977,3.45812535685611e-103,1.47079762013121e-102,NA,NA,NA
"222","ACE2","C*17:01",663,15,1,0,679,"HLA.type",1,3.30618030042795,3.30618030042795,1.29378189610677,0.255773217718503,0.449946602897472,0.255773217718503,0.76976799614391,NA
"223","ACE2","C*17:01",663,15,1,0,679,"Cancer:HLA.type",8,18.0753999312482,2.25942499140602,0.884163259067848,0.529371070631245,0.744407926736439,NA,NA,NA
"224","ACE2","C*17:01",663,15,1,0,679,"Residuals",647,1653.36882577646,2.55543867971632,NA,NA,NA,NA,NA,NA
"225","TMPRSS2","A*01:01",509,163,7,0,679,"Cancer",22,2769.45015975293,125.884098170588,40.1607098057549,7.08227351465422e-105,7.21104212401157e-104,NA,NA,NA
"226","TMPRSS2","A*01:01",509,163,7,0,679,"HLA.type",1,0.0207403965897612,0.0207403965897612,0.00661679323125408,0.935194193439142,0.974777783584835,0.935194193439142,0.973765585873611,NA
"227","TMPRSS2","A*01:01",509,163,7,0,679,"Cancer:HLA.type",18,79.7580531171359,4.43100295095199,1.41361956154685,0.117878408668019,0.237168534805116,NA,NA,NA
"228","TMPRSS2","A*01:01",509,163,7,0,679,"Residuals",637,1996.68210354125,3.13450879676805,NA,NA,NA,NA,NA,NA
"229","TMPRSS2","A*02:01",396,262,21,0,679,"Cancer",22,2769.45015975293,125.884098170588,40.5712077654544,1.28557068495141e-105,2.69969843839795e-104,NA,NA,NA
"230","TMPRSS2","A*02:01",396,262,21,0,679,"HLA.type",1,8.2560749487246,8.2560749487246,2.6608518227454,0.103340689873784,0.213021299371726,0.103340689873784,0.677479988189477,NA
"231","TMPRSS2","A*02:01",396,262,21,0,679,"Cancer:HLA.type",19,94.8278672139886,4.99094037968361,1.60853103792938,0.048740425022892,0.114522956697145,NA,NA,NA
"232","TMPRSS2","A*02:01",396,262,21,0,679,"Residuals",636,1973.37695489226,3.10279395423312,NA,NA,NA,NA,NA,NA
"233","TMPRSS2","A*02:05",663,16,0,0,679,"Cancer",22,2769.45015975293,125.884098170588,39.3745799384796,5.89244306070147e-104,3.53546583642088e-103,NA,NA,NA
"234","TMPRSS2","A*02:05",663,16,0,0,679,"HLA.type",1,0.116688131273485,0.116688131273485,0.0364982251092072,0.848550110514606,0.959308158502397,0.848550110514606,0.962620842939484,NA
"235","TMPRSS2","A*02:05",663,16,0,0,679,"Cancer:HLA.type",7,4.62952036083976,0.661360051548537,0.206863095468393,0.983925084458379,0.995779603548239,NA,NA,NA
"236","TMPRSS2","A*02:05",663,16,0,0,679,"Residuals",648,2071.71468856286,3.19709056876985,NA,NA,NA,NA,NA,NA
"237","TMPRSS2","A*02:13",653,25,1,0,679,"Cancer",22,2769.45015975293,125.884098170588,40.9103149925289,7.1369091958948e-107,4.79600297964131e-105,NA,NA,NA
"238","TMPRSS2","A*02:13",653,25,1,0,679,"HLA.type",1,12.4322396495216,12.4322396495216,4.04027869695913,0.0448417309533623,0.10685689078248,0.0448417309533623,0.665001148385511,NA
"239","TMPRSS2","A*02:13",653,25,1,0,679,"Cancer:HLA.type",9,76.2383548118286,8.4709283124254,2.75291598046674,0.00365181358507639,0.00989523681117474,NA,NA,NA
"240","TMPRSS2","A*02:13",653,25,1,0,679,"Residuals",646,1987.79030259363,3.07707477181676,NA,NA,NA,NA,NA,NA
"241","TMPRSS2","A*03:01",514,153,12,0,679,"Cancer",22,2769.45015975293,125.884098170588,40.7605117453079,5.51675289749638e-106,2.05958774839865e-104,NA,NA,NA
"242","TMPRSS2","A*03:01",514,153,12,0,679,"HLA.type",1,3.2899590434746,3.2899590434746,1.06526889561068,0.302408855627965,0.495655490199981,0.302408855627965,0.76976799614391,NA
"243","TMPRSS2","A*03:01",514,153,12,0,679,"Cancer:HLA.type",19,108.95893457143,5.73468076691735,1.85685504485856,0.0147940805183833,0.0382370081090524,NA,NA,NA
"244","TMPRSS2","A*03:01",514,153,12,0,679,"Residuals",636,1964.21200344007,3.08838365320766,NA,NA,NA,NA,NA,NA
"245","TMPRSS2","A*11:01",587,88,4,0,679,"Cancer",22,2769.45015975293,125.884098170588,39.7891235146084,2.22259775612777e-104,1.73672754897426e-103,NA,NA,NA
"246","TMPRSS2","A*11:01",587,88,4,0,679,"HLA.type",1,3.43478859952467,3.43478859952467,1.08565918824676,0.297827814695627,0.495655490199981,0.297827814695627,0.76976799614391,NA
"247","TMPRSS2","A*11:01",587,88,4,0,679,"Cancer:HLA.type",14,45.0420816718235,3.21729154798739,1.01691327694069,0.434018949637028,0.641584801388021,NA,NA,NA
"248","TMPRSS2","A*11:01",587,88,4,0,679,"Residuals",641,2027.98402678363,3.16378163304778,NA,NA,NA,NA,NA,NA
"249","TMPRSS2","A*23:01",643,34,2,0,679,"Cancer",22,2769.45015975293,125.884098170588,39.2589963479323,2.84386254635073e-103,1.25728659943927e-102,NA,NA,NA
"250","TMPRSS2","A*23:01",643,34,2,0,679,"HLA.type",1,2.667848970213,2.667848970213,0.832011941941199,0.362034850957655,0.567917906667976,0.362034850957655,0.781782747823195,NA
"251","TMPRSS2","A*23:01",643,34,2,0,679,"Cancer:HLA.type",15,21.6309878231422,1.44206585487614,0.449731609891995,0.963504253811387,0.983076363290767,NA,NA,NA
"252","TMPRSS2","A*23:01",643,34,2,0,679,"Residuals",640,2052.16206026162,3.20650321915878,NA,NA,NA,NA,NA,NA
"253","TMPRSS2","A*24:02",581,93,5,0,679,"Cancer",22,2769.45015975293,125.884098170588,39.3815374293439,2.11496293723112e-103,9.73462393026925e-103,NA,NA,NA
"254","TMPRSS2","A*24:02",581,93,5,0,679,"HLA.type",1,2.28293474289121,2.28293474289121,0.71419250987593,0.398372308724666,0.597558463086999,0.398372308724666,0.782766641704607,NA
"255","TMPRSS2","A*24:02",581,93,5,0,679,"Cancer:HLA.type",17,34.794538621993,2.04673756599959,0.640300667318835,0.860708410093608,0.959308158502397,NA,NA,NA
"256","TMPRSS2","A*24:02",581,93,5,0,679,"Residuals",638,2039.38342369009,3.19652574246096,NA,NA,NA,NA,NA,NA
"257","TMPRSS2","A*25:01",650,28,1,0,679,"Cancer",22,2769.45015975293,125.884098170588,40.2575174698151,2.32733880037442e-105,3.72374208059908e-104,NA,NA,NA
"258","TMPRSS2","A*25:01",650,28,1,0,679,"HLA.type",1,0.449903404742547,0.449903404742547,0.143878332842394,0.704580890984977,0.876811775447971,0.704580890984977,0.950759756509848,NA
"259","TMPRSS2","A*25:01",650,28,1,0,679,"Cancer:HLA.type",13,68.4954759307449,5.26888276390346,1.68497962011703,0.0598053129444137,0.135774223981912,NA,NA,NA
"260","TMPRSS2","A*25:01",650,28,1,0,679,"Residuals",642,2007.51551771949,3.12697121140107,NA,NA,NA,NA,NA,NA
"261","TMPRSS2","A*26:01",636,42,1,0,679,"Cancer",22,2769.45015975293,125.884098170588,40.4165508430804,7.56974916280648e-106,2.30304922618991e-104,NA,NA,NA
"262","TMPRSS2","A*26:01",636,42,1,0,679,"HLA.type",1,0.452023749668808,0.452023749668808,0.145127471430206,0.703361341554047,0.876811775447971,0.703361341554047,0.950759756509848,NA
"263","TMPRSS2","A*26:01",636,42,1,0,679,"Cancer:HLA.type",10,67.0486422535697,6.70486422535697,2.15267448230729,0.0190575401568409,0.0485101022174132,NA,NA,NA
"264","TMPRSS2","A*26:01",636,42,1,0,679,"Residuals",645,2008.96023105174,3.11466702488642,NA,NA,NA,NA,NA,NA
"265","TMPRSS2","A*29:02",644,35,0,0,679,"Cancer",22,2769.45015975293,125.884098170588,39.7298809441074,2.54779680513969e-104,1.94559028756121e-103,NA,NA,NA
"266","TMPRSS2","A*29:02",644,35,0,0,679,"HLA.type",1,10.2038986209039,10.2038986209039,3.22042007899114,0.0731952997921495,0.158668520839756,0.0731952997921495,0.665001148385511,NA
"267","TMPRSS2","A*29:02",644,35,0,0,679,"Cancer:HLA.type",13,32.0804767572844,2.46772898132957,0.778832116648189,0.683139757866099,0.870818821143825,NA,NA,NA
"268","TMPRSS2","A*29:02",644,35,0,0,679,"Residuals",642,2034.17652167679,3.16849925494827,NA,NA,NA,NA,NA,NA
"269","TMPRSS2","A*30:01",662,16,1,0,679,"Cancer",22,2769.45015975293,125.884098170588,39.8582600264025,8.35732142339374e-105,8.0213839869913e-104,NA,NA,NA
"270","TMPRSS2","A*30:01",662,16,1,0,679,"HLA.type",1,5.81346846698995,5.81346846698995,1.84069903331695,0.175342943746669,0.336658451993604,0.175342943746669,0.743291098812867,NA
"271","TMPRSS2","A*30:01",662,16,1,0,679,"Cancer:HLA.type",9,30.3895908316026,3.3766212035114,1.06912825286194,0.383585848691162,0.585840205273775,NA,NA,NA
"272","TMPRSS2","A*30:01",662,16,1,0,679,"Residuals",646,2040.25783775638,3.15829386649595,NA,NA,NA,NA,NA,NA
"273","TMPRSS2","A*30:02",659,20,0,0,679,"Cancer",22,2769.45015975293,125.884098170588,39.983608460225,5.39168427595549e-105,6.03868638907015e-104,NA,NA,NA
"274","TMPRSS2","A*30:02",659,20,0,0,679,"HLA.type",1,3.60253899798685,3.60253899798685,1.14424705623266,0.285156826470061,0.483902493403739,0.285156826470061,0.76976799614391,NA
"275","TMPRSS2","A*30:02",659,20,0,0,679,"Cancer:HLA.type",10,42.1451121327109,4.21451121327109,1.33862313549966,0.205743483458618,0.377758527005988,NA,NA,NA
"276","TMPRSS2","A*30:02",659,20,0,0,679,"Residuals",645,2030.71324592428,3.14839262933997,NA,NA,NA,NA,NA,NA
"277","TMPRSS2","A*31:01",643,36,0,0,679,"Cancer",22,2769.45015975293,125.884098170588,39.4057949591425,1.45411903355439e-103,6.97977136106109e-103,NA,NA,NA
"278","TMPRSS2","A*31:01",643,36,0,0,679,"HLA.type",1,2.12931856293969,2.12931856293969,0.666545591645682,0.414562342192252,0.619079764340429,0.414562342192252,0.798826143314382,NA
"279","TMPRSS2","A*31:01",643,36,0,0,679,"Cancer:HLA.type",15,29.814448138242,1.9876298758828,0.622192449101596,0.857995500479891,0.959308158502397,NA,NA,NA
"280","TMPRSS2","A*31:01",643,36,0,0,679,"Residuals",640,2044.51713035379,3.1945580161778,NA,NA,NA,NA,NA,NA
"281","TMPRSS2","A*32:01",638,41,0,0,679,"Cancer",22,2769.45015975293,125.884098170588,39.4172609323115,8.15920807540245e-104,4.28358423958629e-103,NA,NA,NA
"282","TMPRSS2","A*32:01",638,41,0,0,679,"HLA.type",1,0.0757037592403088,0.0757037592403088,0.0237046209560832,0.877687103352854,0.963734858583526,0.877687103352854,0.962620842939484,NA
"283","TMPRSS2","A*32:01",638,41,0,0,679,"Cancer:HLA.type",11,19.6882715823493,1.78984287112267,0.560441743668651,0.861206042186984,0.959308158502397,NA,NA,NA
"284","TMPRSS2","A*32:01",638,41,0,0,679,"Residuals",644,2056.69692171339,3.19362876042451,NA,NA,NA,NA,NA,NA
"285","TMPRSS2","A*33:03",660,19,0,0,679,"Cancer",22,2769.45015975293,125.884098170588,41.2312914903278,2.56053723450035e-107,3.63899399872194e-105,NA,NA,NA
"286","TMPRSS2","A*33:03",660,19,0,0,679,"HLA.type",1,0.837418189108086,0.837418189108086,0.274282724793633,0.600653699901617,0.810520655288929,0.600653699901617,0.93435019984696,NA
"287","TMPRSS2","A*33:03",660,19,0,0,679,"Cancer:HLA.type",12,112.467046022238,9.37225383518652,3.06972950051452,0.000312566635125236,0.000921249029842801,NA,NA,NA
"288","TMPRSS2","A*33:03",660,19,0,0,679,"Residuals",643,1963.15643284363,3.05312042432913,NA,NA,NA,NA,NA,NA
"289","TMPRSS2","A*68:01",626,52,1,0,679,"Cancer",22,2769.45015975293,125.884098170588,39.5724511736772,7.76609210492982e-104,4.20872088267165e-103,NA,NA,NA
"290","TMPRSS2","A*68:01",626,52,1,0,679,"HLA.type",1,0.0502057402647689,0.0502057402647689,0.01578248749555,0.900065618709155,0.974777783584835,0.900065618709155,0.969301435532936,NA
"291","TMPRSS2","A*68:01",626,52,1,0,679,"Cancer:HLA.type",16,43.6849857988359,2.73031161242724,0.858290479432018,0.618418754533826,0.824558339378435,NA,NA,NA
"292","TMPRSS2","A*68:01",626,52,1,0,679,"Residuals",639,2032.72570551588,3.18110439047868,NA,NA,NA,NA,NA,NA
"293","TMPRSS2","A*68:02",662,17,0,0,679,"Cancer",22,2769.45015975293,125.884098170588,39.4865427216438,5.21172153765418e-104,3.2428489567626e-103,NA,NA,NA
"294","TMPRSS2","A*68:02",662,17,0,0,679,"HLA.type",1,2.93996677160676,2.93996677160676,0.92219053251626,0.337260308913299,0.535082027142282,0.337260308913299,0.781782747823195,NA
"295","TMPRSS2","A*68:02",662,17,0,0,679,"Cancer:HLA.type",10,17.2445960292834,1.72445960292834,0.540917786855849,0.861419643489587,0.959308158502397,NA,NA,NA
"296","TMPRSS2","A*68:02",662,17,0,0,679,"Residuals",645,2056.27633425409,3.18802532442494,NA,NA,NA,NA,NA,NA
"297","TMPRSS2","B*07:02",536,133,10,0,679,"Cancer",22,2769.45015975293,125.884098170588,40.5874194067871,9.08369942527554e-106,2.30304922618991e-104,NA,NA,NA
"298","TMPRSS2","B*07:02",536,133,10,0,679,"HLA.type",1,4.56957637178324,4.56957637178324,1.47331803943641,0.225272046258978,0.411366345342481,0.225272046258978,0.76976799614391,NA
"299","TMPRSS2","B*07:02",536,133,10,0,679,"Cancer:HLA.type",17,93.0994731925226,5.47643959956015,1.76570793383353,0.0287867987859743,0.0706011999422435,NA,NA,NA
"300","TMPRSS2","B*07:02",536,133,10,0,679,"Residuals",638,1978.79184749067,3.10155461989133,NA,NA,NA,NA,NA,NA
"301","TMPRSS2","B*08:01",552,121,6,0,679,"Cancer",22,2769.45015975293,125.884098170588,39.721578760457,5.15071882562025e-104,3.2428489567626e-103,NA,NA,NA
"302","TMPRSS2","B*08:01",552,121,6,0,679,"HLA.type",1,0.50669527935394,0.50669527935394,0.159883072913111,0.689398233405528,0.870818821143825,0.689398233405528,0.950759756509848,NA
"303","TMPRSS2","B*08:01",552,121,6,0,679,"Cancer:HLA.type",18,57.1983255743477,3.17768475413043,1.00268943473741,0.454344327656967,0.655754471140784,NA,NA,NA
"304","TMPRSS2","B*08:01",552,121,6,0,679,"Residuals",637,2018.75587620127,3.1691615011009,NA,NA,NA,NA,NA,NA
"305","TMPRSS2","B*13:02",649,30,0,0,679,"Cancer",22,2769.45015975293,125.884098170588,39.9493717599693,6.3004092151052e-105,6.82883063314628e-104,NA,NA,NA
"306","TMPRSS2","B*13:02",649,30,0,0,679,"HLA.type",1,10.4914893045091,10.4914893045091,3.32947856506552,0.0685108722582902,0.151445086044642,0.0685108722582902,0.665001148385511,NA
"307","TMPRSS2","B*13:02",649,30,0,0,679,"Cancer:HLA.type",10,33.5158360677806,3.35158360677806,1.06362647417431,0.388308791939236,0.587710604016142,NA,NA,NA
"308","TMPRSS2","B*13:02",649,30,0,0,679,"Residuals",645,2032.45357168269,3.15109080881037,NA,NA,NA,NA,NA,NA
"309","TMPRSS2","B*14:02",643,35,1,0,679,"Cancer",22,2769.45015975293,125.884098170588,39.4365064547492,9.71279560833968e-104,5.0207681913879e-103,NA,NA,NA
"310","TMPRSS2","B*14:02",643,35,1,0,679,"HLA.type",1,6.0008867722381,6.0008867722381,1.87993569773121,0.170820536205781,0.329860345776681,0.170820536205781,0.743291098812867,NA
"311","TMPRSS2","B*14:02",643,35,1,0,679,"Cancer:HLA.type",13,21.1509235802931,1.62699412156101,0.509698723740559,0.919348894912503,0.974777783584835,NA,NA,NA
"312","TMPRSS2","B*14:02",643,35,1,0,679,"Residuals",642,2049.30908670245,3.19207022850848,NA,NA,NA,NA,NA,NA
"313","TMPRSS2","B*15:01",599,78,2,0,679,"Cancer",22,2769.45015975293,125.884098170588,40.7828351343376,3.30020864076364e-106,1.38608762912073e-104,NA,NA,NA
"314","TMPRSS2","B*15:01",599,78,2,0,679,"HLA.type",1,9.67136993869753,9.67136993869753,3.13324630723888,0.0771876332947468,0.164164221428447,0.0771876332947468,0.665001148385511,NA
"315","TMPRSS2","B*15:01",599,78,2,0,679,"Cancer:HLA.type",16,94.3925991921052,5.89953744950658,1.91128082632038,0.0170096750183422,0.0436278687493357,NA,NA,NA
"316","TMPRSS2","B*15:01",599,78,2,0,679,"Residuals",639,1972.39692792417,3.0866931579408,NA,NA,NA,NA,NA,NA
"317","TMPRSS2","B*18:01",619,60,0,0,679,"Cancer",22,2769.45015975293,125.884098170588,39.747492711898,2.68562646047191e-104,2.00526775715236e-103,NA,NA,NA
"318","TMPRSS2","B*18:01",619,60,0,0,679,"HLA.type",1,9.10527393921878,9.10527393921878,2.87496049777869,0.0904527910756133,0.188771042244758,0.0904527910756133,0.677479988189477,NA
"319","TMPRSS2","B*18:01",619,60,0,0,679,"Cancer:HLA.type",14,37.2475226570733,2.66053733264809,0.840055970340745,0.625337784858766,0.828560981929204,NA,NA,NA
"320","TMPRSS2","B*18:01",619,60,0,0,679,"Residuals",641,2030.10810045868,3.16709532052837,NA,NA,NA,NA,NA,NA
"321","TMPRSS2","B*27:05",637,41,1,0,679,"Cancer",22,2769.45015975293,125.884098170588,39.5195932973153,5.10784795123026e-104,3.2428489567626e-103,NA,NA,NA
"322","TMPRSS2","B*27:05",637,41,1,0,679,"HLA.type",1,0.0663752668160548,0.0663752668160548,0.0208376084643879,0.885267382346133,0.966321451881548,0.885267382346133,0.962620842939484,NA
"323","TMPRSS2","B*27:05",637,41,1,0,679,"Cancer:HLA.type",11,25.0232282641007,2.27483893310006,0.714154613326833,0.725557620784472,0.896277060969054,NA,NA,NA
"324","TMPRSS2","B*27:05",637,41,1,0,679,"Residuals",644,2051.37129352406,3.18535915143487,NA,NA,NA,NA,NA,NA
"325","TMPRSS2","B*35:01",604,72,3,0,679,"Cancer",22,2769.45015975293,125.884098170588,39.6879127013957,3.08431586807591e-104,2.15902110765314e-103,NA,NA,NA
"326","TMPRSS2","B*35:01",604,72,3,0,679,"HLA.type",1,2.61920210889596,2.61920210889596,0.825764859548101,0.363841024652176,0.567917906667976,0.363841024652176,0.781782747823195,NA
"327","TMPRSS2","B*35:01",604,72,3,0,679,"Cancer:HLA.type",13,37.5141200097672,2.88570153921286,0.909785051765357,0.542486263531167,0.752447121057207,NA,NA,NA
"328","TMPRSS2","B*35:01",604,72,3,0,679,"Residuals",642,2036.32757493631,3.17184980519675,NA,NA,NA,NA,NA,NA
"329","TMPRSS2","B*35:03",658,19,2,0,679,"Cancer",22,2769.45015975293,125.884098170588,39.6605785775274,1.58552212766559e-104,1.29935471925765e-103,NA,NA,NA
"330","TMPRSS2","B*35:03",658,19,2,0,679,"HLA.type",1,2.54766281124341,2.54766281124341,0.802657226629532,0.370632773600309,0.571758512638014,0.370632773600309,0.781782747823195,NA
"331","TMPRSS2","B*35:03",658,19,2,0,679,"Cancer:HLA.type",7,17.1380045257818,2.44828636082597,0.771348049554635,0.611541426851545,0.821911677688476,NA,NA,NA
"332","TMPRSS2","B*35:03",658,19,2,0,679,"Residuals",648,2056.77522971795,3.17403584833017,NA,NA,NA,NA,NA,NA
"333","TMPRSS2","B*38:01",655,24,0,0,679,"Cancer",22,2769.45015975293,125.884098170588,39.3980253908327,6.86261813143779e-104,3.91517673358948e-103,NA,NA,NA
"334","TMPRSS2","B*38:01",655,24,0,0,679,"HLA.type",1,0.00940894889967362,0.00940894889967362,0.00294472465575481,0.95674055898812,0.983072867951096,0.95674055898812,0.979375421559208,NA
"335","TMPRSS2","B*38:01",655,24,0,0,679,"Cancer:HLA.type",9,12.3600365298802,1.37333739220891,0.429814267526512,0.919279148498856,0.974777783584835,NA,NA,NA
"336","TMPRSS2","B*38:01",655,24,0,0,679,"Residuals",646,2064.0914515762,3.19518800553591,NA,NA,NA,NA,NA,NA
"337","TMPRSS2","B*39:01",663,15,1,0,679,"Cancer",22,2769.45015975293,125.884098170588,40.6727012846938,2.08014829557251e-106,9.98471181874803e-105,NA,NA,NA
"338","TMPRSS2","B*39:01",663,15,1,0,679,"HLA.type",1,5.04664595866469,5.04664595866469,1.6305532354708,0.202085334898343,0.377225958476907,0.202085334898343,0.743291098812867,NA
"339","TMPRSS2","B*39:01",663,15,1,0,679,"Cancer:HLA.type",9,72.0110924769227,8.00123249743585,2.58516956475785,0.00623995452784356,0.0165088560736649,NA,NA,NA
"340","TMPRSS2","B*39:01",663,15,1,0,679,"Residuals",646,1999.40315861939,3.09505132913218,NA,NA,NA,NA,NA,NA
"341","TMPRSS2","B*40:01",622,56,1,0,679,"Cancer",22,2769.45015975293,125.884098170588,41.1943438427805,6.95798549214167e-107,4.79600297964131e-105,NA,NA,NA
"342","TMPRSS2","B*40:01",622,56,1,0,679,"HLA.type",1,11.6191579905708,11.6191579905708,3.80225617359984,0.0516219023477783,0.11962040819899,0.0516219023477783,0.665001148385511,NA
"343","TMPRSS2","B*40:01",622,56,1,0,679,"Cancer:HLA.type",18,118.259683025231,6.56998239029063,2.14996268440425,0.00382919701039211,0.0102111920277123,NA,NA,NA
"344","TMPRSS2","B*40:01",622,56,1,0,679,"Residuals",637,1946.58205603917,3.05585880068944,NA,NA,NA,NA,NA,NA
"345","TMPRSS2","B*40:02",662,15,2,0,679,"Cancer",22,2769.45015975293,125.884098170588,39.8984936402283,5.34100837552589e-105,6.03868638907015e-104,NA,NA,NA
"346","TMPRSS2","B*40:02",662,15,2,0,679,"HLA.type",1,3.8763929163204,3.8763929163204,1.22860822269426,0.268089101244217,0.466218338152734,0.268089101244217,0.76976799614391,NA
"347","TMPRSS2","B*40:02",662,15,2,0,679,"Cancer:HLA.type",7,28.0738429067345,4.01054898667636,1.27112848695069,0.26202289279711,0.458540062394942,NA,NA,NA
"348","TMPRSS2","B*40:02",662,15,2,0,679,"Residuals",648,2044.51066123192,3.15510904511099,NA,NA,NA,NA,NA,NA
"349","TMPRSS2","B*44:02",571,94,14,0,679,"Cancer",22,2769.45015975293,125.884098170588,39.7104109473251,4.14820895222593e-104,2.78759641589583e-103,NA,NA,NA
"350","TMPRSS2","B*44:02",571,94,14,0,679,"HLA.type",1,10.235992055229,10.235992055229,3.22896582549986,0.0728184714986813,0.158668520839756,0.0728184714986813,0.665001148385511,NA
"351","TMPRSS2","B*44:02",571,94,14,0,679,"Cancer:HLA.type",16,40.5611857874973,2.53507411171858,0.799694609734202,0.686818916548484,0.870818821143825,NA,NA,NA
"352","TMPRSS2","B*44:02",571,94,14,0,679,"Residuals",639,2025.66371921225,3.17005276872027,NA,NA,NA,NA,NA,NA
"353","TMPRSS2","B*44:03",615,59,5,0,679,"Cancer",22,2769.45015975293,125.884098170588,39.377726510213,1.65292420034638e-103,7.71364626828311e-103,NA,NA,NA
"354","TMPRSS2","B*44:03",615,59,5,0,679,"HLA.type",1,2.32134101292423,2.32134101292423,0.726137239510594,0.394456886219264,0.594338626769833,0.394456886219264,0.782766641704607,NA
"355","TMPRSS2","B*44:03",615,59,5,0,679,"Cancer:HLA.type",15,28.1650935935755,1.87767290623837,0.587353694803421,0.885794664224752,0.966321451881548,NA,NA,NA
"356","TMPRSS2","B*44:03",615,59,5,0,679,"Residuals",640,2045.97446244848,3.19683509757574,NA,NA,NA,NA,NA,NA
"357","TMPRSS2","B*49:01",657,22,0,0,679,"Cancer",22,2769.45015975293,125.884098170588,39.4402125961621,7.34515242955999e-104,4.04585445300354e-103,NA,NA,NA
"358","TMPRSS2","B*49:01",657,22,0,0,679,"HLA.type",1,0.632756580282093,0.632756580282093,0.198246279002832,0.656289760071345,0.848128305322969,0.656289760071345,0.942364783692188,NA
"359","TMPRSS2","B*49:01",657,22,0,0,679,"Cancer:HLA.type",11,20.3280839220767,1.8480076292797,0.578991428125831,0.846714855896225,0.959308158502397,NA,NA,NA
"360","TMPRSS2","B*49:01",657,22,0,0,679,"Residuals",644,2055.50005655262,3.19177027415003,NA,NA,NA,NA,NA,NA
"361","TMPRSS2","B*50:01",661,18,0,0,679,"Cancer",22,2769.45015975293,125.884098170588,39.1722517918611,2.20537053527203e-103,1.00135743223162e-102,NA,NA,NA
"362","TMPRSS2","B*50:01",661,18,0,0,679,"HLA.type",1,0.203381543482466,0.203381543482466,0.063287684043432,0.80145324361794,0.959308158502397,0.80145324361794,0.962620842939484,NA
"363","TMPRSS2","B*50:01",661,18,0,0,679,"Cancer:HLA.type",10,3.4830487421603,0.34830487421603,0.108384509492484,0.99974518470572,0.99974518470572,NA,NA,NA
"364","TMPRSS2","B*50:01",661,18,0,0,679,"Residuals",645,2072.77446676933,3.21360382444858,NA,NA,NA,NA,NA,NA
"365","TMPRSS2","B*51:01",600,76,3,0,679,"Cancer",22,2769.45015975293,125.884098170588,39.2241437150685,4.33714667465829e-103,1.75576058154842e-102,NA,NA,NA
"366","TMPRSS2","B*51:01",600,76,3,0,679,"HLA.type",1,0.113899528843509,0.113899528843509,0.0354898796064159,0.850632741619291,0.959308158502397,0.850632741619291,0.962620842939484,NA
"367","TMPRSS2","B*51:01",600,76,3,0,679,"Cancer:HLA.type",17,28.7801923397375,1.69295249057279,0.527505957925079,0.939964291313948,0.974777783584835,NA,NA,NA
"368","TMPRSS2","B*51:01",600,76,3,0,679,"Residuals",638,2047.56680518639,3.20935235922632,NA,NA,NA,NA,NA,NA
"369","TMPRSS2","B*52:01",656,23,0,0,679,"Cancer",22,2769.45015975293,125.884098170588,40.2551215797829,2.05623030661307e-105,3.45446691510996e-104,NA,NA,NA
"370","TMPRSS2","B*52:01",656,23,0,0,679,"HLA.type",1,5.34129398949186,5.34129398949186,1.7080349469477,0.191707721409765,0.363919742337182,0.191707721409765,0.743291098812867,NA
"371","TMPRSS2","B*52:01",656,23,0,0,679,"Cancer:HLA.type",12,60.3574454288861,5.02978711907384,1.6084215158325,0.0846399800661549,0.177743958138925,NA,NA,NA
"372","TMPRSS2","B*52:01",656,23,0,0,679,"Residuals",643,2010.7621576366,3.12715732136329,NA,NA,NA,NA,NA,NA
"373","TMPRSS2","B*55:01",662,16,1,0,679,"Cancer",22,2769.45015975293,125.884098170588,39.2886236142924,9.96215836593101e-104,5.07164425901942e-103,NA,NA,NA
"374","TMPRSS2","B*55:01",662,16,1,0,679,"HLA.type",1,0.672169386065985,0.672169386065985,0.20978511502231,0.647089666799313,0.842239640872476,0.647089666799313,0.942364783692188,NA
"375","TMPRSS2","B*55:01",662,16,1,0,679,"Cancer:HLA.type",8,2.74559141759337,0.343198927199172,0.107112921103705,0.998986275485596,0.99974518470572,NA,NA,NA
"376","TMPRSS2","B*55:01",662,16,1,0,679,"Residuals",647,2073.04313625132,3.20408521831734,NA,NA,NA,NA,NA,NA
"377","TMPRSS2","B*57:01",642,36,1,0,679,"Cancer",22,2769.45015975293,125.884098170588,40.1978627165072,3.48719836797535e-105,4.31782379042863e-104,NA,NA,NA
"378","TMPRSS2","B*57:01",642,36,1,0,679,"HLA.type",1,0.01836129814004,0.01836129814004,0.00586321030738924,0.938988243520982,0.974777783584835,0.938988243520982,0.973765585873611,NA
"379","TMPRSS2","B*57:01",642,36,1,0,679,"Cancer:HLA.type",14,69.0794205479564,4.93424432485403,1.57562455355882,0.0809094749129554,0.170978513023604,NA,NA,NA
"380","TMPRSS2","B*57:01",642,36,1,0,679,"Residuals",641,2007.36311520888,3.13161172419482,NA,NA,NA,NA,NA,NA
"381","TMPRSS2","C*01:02",637,38,4,0,679,"Cancer",22,2769.45015975293,125.884098170588,40.5520776911976,9.28178753176004e-106,2.30304922618991e-104,NA,NA,NA
"382","TMPRSS2","C*01:02",637,38,4,0,679,"HLA.type",1,7.71948494391373,7.71948494391373,2.48674103982071,0.115304144367116,0.233386701851512,0.115304144367116,0.679687587848264,NA
"383","TMPRSS2","C*01:02",637,38,4,0,679,"Cancer:HLA.type",16,85.1207615601256,5.32004759750785,1.71379059492213,0.0399420456553213,0.0958609095727711,NA,NA,NA
"384","TMPRSS2","C*01:02",637,38,4,0,679,"Residuals",639,1983.62065055094,3.1042576690938,NA,NA,NA,NA,NA,NA
"385","TMPRSS2","C*02:02",630,47,2,0,679,"Cancer",22,2769.45015975293,125.884098170588,39.9423934186366,1.44907828414084e-104,1.24843667556749e-103,NA,NA,NA
"386","TMPRSS2","C*02:02",630,47,2,0,679,"HLA.type",1,6.06728184854268,6.06728184854268,1.92511812133605,0.16577721000849,0.321971922328627,0.16577721000849,0.743291098812867,NA
"387","TMPRSS2","C*02:02",630,47,2,0,679,"Cancer:HLA.type",16,56.4948012842499,3.53092508026562,1.12034483097765,0.331477428201877,0.530363885123003,NA,NA,NA
"388","TMPRSS2","C*02:02",630,47,2,0,679,"Residuals",639,2013.89881392218,3.15164133634144,NA,NA,NA,NA,NA,NA
"389","TMPRSS2","C*03:03",612,62,5,0,679,"Cancer",22,2769.45015975293,125.884098170588,39.8691454163127,1.35241591112168e-104,1.22813985442402e-103,NA,NA,NA
"390","TMPRSS2","C*03:03",612,62,5,0,679,"HLA.type",1,0.653813813611759,0.653813813611759,0.207071412425399,0.6492263898392,0.842239640872476,0.6492263898392,0.942364783692188,NA
"391","TMPRSS2","C*03:03",612,62,5,0,679,"Cancer:HLA.type",13,48.7360190983558,3.74892454602737,1.18733358742265,0.284064739770556,0.483902493403739,NA,NA,NA
"392","TMPRSS2","C*03:03",612,62,5,0,679,"Residuals",642,2027.07106414301,3.15743156408568,NA,NA,NA,NA,NA,NA
"393","TMPRSS2","C*03:04",596,78,5,0,679,"Cancer",22,2769.45015975293,125.884098170588,41.4297512149809,3.24910178457316e-107,3.63899399872194e-105,NA,NA,NA
"394","TMPRSS2","C*03:04",596,78,5,0,679,"HLA.type",1,9.69731782871396,9.69731782871396,3.19148701809652,0.0744996255055507,0.160460731858109,0.0744996255055507,0.665001148385511,NA
"395","TMPRSS2","C*03:04",596,78,5,0,679,"Cancer:HLA.type",20,137.319158391353,6.86595791956767,2.25965735620354,0.00138415661026671,0.00397501385512492,NA,NA,NA
"396","TMPRSS2","C*03:04",596,78,5,0,679,"Residuals",635,1929.44442083491,3.03849515092112,NA,NA,NA,NA,NA,NA
"397","TMPRSS2","C*04:01",536,132,11,0,679,"Cancer",22,2769.45015975293,125.884098170588,39.6874029369152,6.87486390719581e-104,3.91517673358948e-103,NA,NA,NA
"398","TMPRSS2","C*04:01",536,132,11,0,679,"HLA.type",1,0.0907455816105574,0.0907455816105574,0.02860930422874,0.865738060635946,0.960026364269564,0.865738060635946,0.962620842939484,NA
"399","TMPRSS2","C*04:01",536,132,11,0,679,"Cancer:HLA.type",19,59.047764222273,3.10777706433016,0.979786981696726,0.48323126766095,0.693870538179826,NA,NA,NA
"400","TMPRSS2","C*04:01",536,132,11,0,679,"Residuals",636,2017.32238725109,3.17189054599228,NA,NA,NA,NA,NA,NA
"401","TMPRSS2","C*05:01",572,98,9,0,679,"Cancer",22,2769.45015975293,125.884098170588,40.0956778925596,8.29307261559073e-105,8.0213839869913e-104,NA,NA,NA
"402","TMPRSS2","C*05:01",572,98,9,0,679,"HLA.type",1,8.09261410398767,8.09261410398767,2.57759997599195,0.108880712387595,0.221720723407465,0.108880712387595,0.677479988189477,NA
"403","TMPRSS2","C*05:01",572,98,9,0,679,"Cancer:HLA.type",17,65.3081314791873,3.84165479289337,1.22361565431026,0.239580297722838,0.430532534546377,NA,NA,NA
"404","TMPRSS2","C*05:01",572,98,9,0,679,"Residuals",638,2003.0601514718,3.13959271390564,NA,NA,NA,NA,NA,NA
"405","TMPRSS2","C*06:02",570,108,1,0,679,"Cancer",22,2769.45015975293,125.884098170588,40.9115247092069,1.85656643434496e-106,9.98471181874803e-105,NA,NA,NA
"406","TMPRSS2","C*06:02",570,108,1,0,679,"HLA.type",1,0.214295986653641,0.214295986653641,0.0696448215499289,0.791939707305544,0.953733841056139,0.791939707305544,0.962620842939484,NA
"407","TMPRSS2","C*06:02",570,108,1,0,679,"Cancer:HLA.type",16,110.053962129521,6.87837263309506,2.23542700013361,0.00375452063488188,0.0100921514665625,NA,NA,NA
"408","TMPRSS2","C*06:02",570,108,1,0,679,"Residuals",639,1966.1926389388,3.07698378550673,NA,NA,NA,NA,NA,NA
"409","TMPRSS2","C*07:01",497,166,16,0,679,"Cancer",22,2769.45015975293,125.884098170588,39.6453932482807,7.27617081081544e-104,4.04585445300354e-103,NA,NA,NA
"410","TMPRSS2","C*07:01",497,166,16,0,679,"HLA.type",1,0.103152744957415,0.103152744957415,0.0324864792130817,0.857021433841519,0.959308158502397,0.857021433841519,0.962620842939484,NA
"411","TMPRSS2","C*07:01",497,166,16,0,679,"Cancer:HLA.type",18,53.7224779000492,2.98458210555829,0.939951375719402,0.529504447886931,0.744407926736439,NA,NA,NA
"412","TMPRSS2","C*07:01",497,166,16,0,679,"Residuals",637,2022.63526640997,3.17525159562005,NA,NA,NA,NA,NA,NA
"413","TMPRSS2","C*07:02",529,140,10,0,679,"Cancer",22,2769.45015975293,125.884098170588,40.3470095248035,2.67304110346461e-105,4.08246277620049e-104,NA,NA,NA
"414","TMPRSS2","C*07:02",529,140,10,0,679,"HLA.type",1,2.43917524019803,2.43917524019803,0.781778064736762,0.376930967700469,0.578305046334966,0.376930967700469,0.781782747823195,NA
"415","TMPRSS2","C*07:02",529,140,10,0,679,"Cancer:HLA.type",17,83.4391339414045,4.90818434949438,1.57311815849994,0.0657569727072283,0.146320151189594,NA,NA,NA
"416","TMPRSS2","C*07:02",529,140,10,0,679,"Residuals",638,1990.58258787337,3.12003540419024,NA,NA,NA,NA,NA,NA
"417","TMPRSS2","C*07:04",655,23,1,0,679,"Cancer",22,2769.45015975293,125.884098170588,39.335102245152,1.35495181985693e-103,6.62153746290679e-103,NA,NA,NA
"418","TMPRSS2","C*07:04",655,23,1,0,679,"HLA.type",1,2.41212462600775,2.41212462600775,0.753718461433382,0.38562539360116,0.586290191176424,0.38562539360116,0.782766641704607,NA
"419","TMPRSS2","C*07:04",655,23,1,0,679,"Cancer:HLA.type",12,16.2563553858927,1.35469628215773,0.423303002874845,0.954592867639438,0.983072867951096,NA,NA,NA
"420","TMPRSS2","C*07:04",655,23,1,0,679,"Residuals",643,2057.79241704308,3.20029924890058,NA,NA,NA,NA,NA,NA
"421","TMPRSS2","C*08:02",636,42,1,0,679,"Cancer",22,2769.45015975293,125.884098170588,39.4006089995235,1.30526663530554e-103,6.54581476809944e-103,NA,NA,NA
"422","TMPRSS2","C*08:02",636,42,1,0,679,"HLA.type",1,1.42605537524483,1.42605537524483,0.446342715785673,0.504317357903152,0.721066520235997,0.504317357903152,0.877285160472512,NA
"423","TMPRSS2","C*08:02",636,42,1,0,679,"Cancer:HLA.type",14,27.0536308227473,1.93240220162481,0.60482479266652,0.862235309130131,0.959308158502397,NA,NA,NA
"424","TMPRSS2","C*08:02",636,42,1,0,679,"Residuals",641,2047.98121085698,3.19497848807642,NA,NA,NA,NA,NA,NA
"425","TMPRSS2","C*12:02",658,21,0,0,679,"Cancer",22,2769.45015975293,125.884098170588,40.2830182291237,1.58434049035088e-105,2.95743558198832e-104,NA,NA,NA
"426","TMPRSS2","C*12:02",658,21,0,0,679,"HLA.type",1,4.41997487686148,4.41997487686148,1.41439571101031,0.234766351731804,0.426386455037222,0.234766351731804,0.76976799614391,NA
"427","TMPRSS2","C*12:02",658,21,0,0,679,"Cancer:HLA.type",11,59.5462585273371,5.41329622975792,1.73225938678516,0.0627453765658358,0.141196332845905,NA,NA,NA
"428","TMPRSS2","C*12:02",658,21,0,0,679,"Residuals",644,2012.49466365078,3.12499171374344,NA,NA,NA,NA,NA,NA
"429","TMPRSS2","C*12:03",612,65,2,0,679,"Cancer",22,2769.45015975293,125.884098170588,40.2453016851261,3.22178875327297e-105,4.31782379042863e-104,NA,NA,NA
"430","TMPRSS2","C*12:03",612,65,2,0,679,"HLA.type",1,0.998045799768029,0.998045799768029,0.31907647503505,0.572361112263161,0.784952382532336,0.572361112263161,0.929049921354697,NA
"431","TMPRSS2","C*12:03",612,65,2,0,679,"Cancer:HLA.type",15,73.5938266542152,4.90625511028101,1.56853581927304,0.0771962707907577,0.164164221428447,NA,NA,NA
"432","TMPRSS2","C*12:03",612,65,2,0,679,"Residuals",640,2001.86902460099,3.12792035093905,NA,NA,NA,NA,NA,NA
"433","TMPRSS2","C*14:02",657,22,0,0,679,"Cancer",22,2769.45015975293,125.884098170588,39.7069066042655,2.82873036867524e-104,2.06620305190192e-103,NA,NA,NA
"434","TMPRSS2","C*14:02",657,22,0,0,679,"HLA.type",1,3.4601812361923,3.4601812361923,1.09142532834557,0.296548815194268,0.495655490199981,0.296548815194268,0.76976799614391,NA
"435","TMPRSS2","C*14:02",657,22,0,0,679,"Cancer:HLA.type",13,37.6472235163772,2.89594027049055,0.913450003002575,0.538594025278853,0.75090287341782,NA,NA,NA
"436","TMPRSS2","C*14:02",657,22,0,0,679,"Residuals",642,2035.35349230241,3.17033254252711,NA,NA,NA,NA,NA,NA
"437","TMPRSS2","C*15:02",641,38,0,0,679,"Cancer",22,2769.45015975293,125.884098170588,40.4700227644802,1.17079136760395e-105,2.62257266343285e-104,NA,NA,NA
"438","TMPRSS2","C*15:02",641,38,0,0,679,"HLA.type",1,1.33697167548099,1.33697167548099,0.429818181394596,0.512313772659739,0.729395879718951,0.512313772659739,0.877285160472512,NA
"439","TMPRSS2","C*15:02",641,38,0,0,679,"Cancer:HLA.type",15,84.3708364070042,5.62472242713361,1.80827164016786,0.0301241576264994,0.0733457750906073,NA,NA,NA
"440","TMPRSS2","C*15:02",641,38,0,0,679,"Residuals",640,1990.75308897249,3.11055170151952,NA,NA,NA,NA,NA,NA
"441","TMPRSS2","C*16:01",631,48,0,0,679,"Cancer",22,2769.45015975293,125.884098170588,39.6387601722946,3.38083941052141e-104,2.31828988150039e-103,NA,NA,NA
"442","TMPRSS2","C*16:01",631,48,0,0,679,"HLA.type",1,8.41664447974896,8.41664447974896,2.65025810913889,0.104022938083429,0.213120165829464,0.104022938083429,0.677479988189477,NA
"443","TMPRSS2","C*16:01",631,48,0,0,679,"Cancer:HLA.type",12,26.0158245452532,2.1679853787711,0.682661700206925,0.76904706435299,0.929495732455413,NA,NA,NA
"444","TMPRSS2","C*16:01",631,48,0,0,679,"Residuals",643,2042.02842802997,3.17578293628301,NA,NA,NA,NA,NA,NA
"445","TMPRSS2","C*17:01",663,15,1,0,679,"Cancer",22,2769.45015975293,125.884098170588,39.4127971544026,5.62942047282419e-104,3.43906414339805e-103,NA,NA,NA
"446","TMPRSS2","C*17:01",663,15,1,0,679,"HLA.type",1,0.00729921852331478,0.00729921852331478,0.0022852975334122,0.961886574745651,0.983076363290767,0.961886574745651,0.979375421559208,NA
"447","TMPRSS2","C*17:01",663,15,1,0,679,"Cancer:HLA.type",8,9.94176927235712,1.24272115904464,0.389081048938668,0.926631894578595,0.974777783584835,NA,NA,NA
"448","TMPRSS2","C*17:01",663,15,1,0,679,"Residuals",647,2066.5118285641,3.19399046145919,NA,NA,NA,NA,NA,NA
